sede_id,sede,direccion,direccion_normalizada,latitud,longitud,geocodificado
1,ADMINISTRADORA CLINICA LA COLINA SAS,"CALLE 167 72 07 PISO 1,PISO 2 (EXCEPTO CONSULTORIOS 215 Y 216),PISO 3, PISO 4,PISO 5,PISO 6,PISO 7 Y PISO 8","CALLE 167 72 07, Bogotá, Colombia",4.7505727,-74.0640658,True
58,BODYINSTITUTE,"CALLE 95 # 11A - 27 PISO 1 , 3 Y 4","CALLE 95 # 11A-27, Bogotá, Colombia",4.6790111,-74.0467155,True
95,Centro de Atención en Salud Cafam Clínica Calle 51,Calle 51 No. 15- 34,"CALLE 51 # 15-34, Bogotá, Colombia",4.6683314,-74.107621,True
96,Centro de Atención en Salud Cafam Clínica Calle 93,CL 93 # 19 B 77 y CL 93 # 19 B 95,"CALLE 93 # 19 B 77 Y CL 93 # 19 B 95, Bogotá, Colombia",,,False
97,Centro de Atención en Salud Cafam Clínica Santa Bárbara,Avenida calle 127 # 16 A - 27,"AVENIDA CALLE 127 # 16 A-27, Bogotá, Colombia",4.7040563,-74.0448614,True
101,CENTRO DE CIRUGIA AMBULATORIA IPS LTDA,CALLE 89 A # 20 57,"CALLE 89 A # 20 57, Bogotá, Colombia",4.5032116,-74.1073541,True
123,CENTRO MEDICO PUENTE ARANDA,"CALLE 14 No 62 - 04, Interior 1, Interior 2","CALLE 14 # 62-04, Bogotá, Colombia",4.6158309,-74.0925476,True
127,CENTRO POLICLINICO DEL OLAYA,KR 20 23 23 SUR,"CARRERA 20 23 23 SUR, Bogotá, Colombia",4.5719844,-74.1258609,True
128,CENTRO QUIRURGICO DE LA SABANA S.A - CIRUSABANA S.A,"AK 7 # 119-14 CS 107, 213 AL 218, 329, 330, 425","AVENIDA CARRERA 7 # 119-14, Bogotá, Colombia",4.7191844,-74.0276813,True
135,CIRUGIA AMBULATORIA LA COLINA 122,Ak 45 # 122 - 96 Piso 5,"AVENIDA CARRERA 45 # 122-96, Bogotá, Colombia",4.7039715,-74.0537155,True
136,CIRUGÍA PLÁSTICA LA CASTELLANA S.A.S.,CARRERA 45 A N° 95 - 57,"CARRERA 45 A # 95-57, Bogotá, Colombia",4.5772445,-74.1780743,True
137,CIRULASER ANDES S.A,"Avenida Carrera 9 # 116 20 Local108 Cs 301, 301A, 301B,301C","AVENIDA CARRERA 9 # 116 20, Bogotá, Colombia",4.6874032,-74.0441125,True
147,CLINICA 134 SAS,Av Calle 134 # 7 - 83 Cs 311 - 312 Torre 3 Piso 1 Md 2,"AVENIDA CALLE 134 # 7-83, Bogotá, Colombia",4.7116652,-74.0294968,True
149,CLÍNICA AZUL,"KR 49 D # 91 33, piso 1,3,4,5,6,7,y 2 ala Norte","CARRERA 49 D # 91 33, Bogotá, Colombia",4.7644237,-74.0464686,True
151,CLÍNICA BTS S.A.S.,"CR 19 NO 89-36 PISO 2 , 3 ZONA A , 4","CARRERA 19 # 89-36, Bogotá, Colombia",4.531522,-74.1503651,True
153,CLÍNICA COLOMBIANA DE CIRUGÍA PLÁSTICA S.A.S,AVENIDA CARRERA 45 N° 103B - 59 Piso 1,"AVENIDA CARRERA 45 # 103B-59, Bogotá, Colombia",,,False
155,CLINICA COLSUBSIDIO CALLE 100,AC 100 # 23 - 59,"AVENIDA CALLE 100 # 23-59, Bogotá, Colombia",4.6861242,-74.0567017,True
156,CLINICA COLSUBSIDIO CIUDAD ROMA,CALLE 53 SUR # 79 D 71,"CALLE 53 SUR # 79 D 71, Bogotá, Colombia",,,False
157,CLINICA CORPOLASER,KR 13 A No 102 86,"CARRERA 13 A # 102 86, Bogotá, Colombia",4.6707384,-74.0529397,True
159,CLÍNICA DE CIRUGÍA PLÁSTICA CERO DOLOR S.A.S.,AK 45 102 A 03,"AVENIDA CARRERA 45 102 A 03, Bogotá, Colombia",4.6936699,-74.055715,True
160,CLINICA DE CIRUGIA PLASTICA DR YESID MARTINEZ LTDA,KR 58 # 128 04,"CARRERA 58 # 128 04, Bogotá, Colombia",4.6194067,-74.1221611,True
161,CLINICA DE ESPECIALIDADES QUIRURGICAS S.A.S,CL 50 # 15 46 PI 1,"CALLE 50 # 15 46, Bogotá, Colombia",4.6373272,-74.0660996,True
162,CLINICA DE LA MUJER,KR 19 C # 91 17,"CARRERA 19 C # 91 17, Bogotá, Colombia",4.5853443,-74.1018907,True
163,CLINICA DE MARLY,CL 50 # 9 67,"CALLE 50 # 9 67, Bogotá, Colombia",4.6380378,-74.0701594,True
167,CLINICA DEL COUNTRY IPS,CRA 16 # 82 57,"CARRERA 16 # 82 57, Bogotá, Colombia",4.6687633,-74.0567742,True
168,CLINICA DEL OCCIDENTE S.A.,AV DE LAS AMERICAS # 71 C 29,"AVENIDA DE LAS AMERICAS # 71 C 29, Bogotá, Colombia",,,False
169,CLINICA DEL SENO IPS LTDA,CRA 11 # 68 36,"CARRERA 11 # 68 36, Bogotá, Colombia",4.7533401,-74.0331332,True
172,CLINICA INFANTIL COLSUBSIDIO,CALLE 66 # 10 - 48,"CALLE 66 # 10-48, Bogotá, Colombia",4.6523123,-74.062379,True
173,CLÍNICA INFANTIL SANTA MARÍA DEL LAGO,CL 73 A NO. 76 66,"CALLE 73 A # 76 66, Bogotá, Colombia",4.544227,-74.1368837,True
174,CLINICA INTERCIRUGIAS BOGOTA,Avenida Calle 127 17 A 91 PISO 1,"AVENIDA CALLE 127 17 A 91, Bogotá, Colombia",,,False
175,CLINICA INTERNACIONAL DE CIRUGIA S.A.S,KR 17 No. 39B - 04,"CARRERA 17 # 39B-04, Bogotá, Colombia",4.7541065,-74.0379574,True
176,CLINICA JOSE A RIVAS VIP,AK 19 N 100-28,"AVENIDA CARRERA 19 # 100-28, Bogotá, Colombia",4.6315584,-74.0722752,True
177,CLINICA JUAN N CORPAS LTDA,KR 111 # 159 A 61,"CARRERA 111 # 159 A 61, Bogotá, Colombia",,,False
178,CLINICA LA CAROLINA S.A.S,"KR 14 # 127 11 PI 1 LC 3, P2, P4 CS 407","CARRERA 14 # 127 11, Bogotá, Colombia",4.6714304,-74.0538352,True
179,CLINICA LOS NOGALES SAS,Calle 95 N° 23-61,"CALLE 95 # 23-61, Bogotá, Colombia",4.6769858,-74.0423152,True
180,CLINICA LOYOLA,KR 19 A # 84 64,"CARRERA 19 A # 84 64, Bogotá, Colombia",,,False
181,CLINICA MANUELA,CLL 63B 77A 08,"CALLE 63B 77A 08, Bogotá, Colombia",,,False
182,CLINICA MARCO MARTINEZ EU CLINICA SAN MIGUEL,CRA 7 C No. 124 - 52 primer piso,"CARRERA 7 C # 124-52 PRIMER, Bogotá, Colombia",,,False
183,CLINICA MEDICAL S.A.S.,Calle 36 Sur No 77 - 33,"CALLE 36 SUR # 77-33, Bogotá, Colombia",4.6219091,-74.1497609,True
184,Clinica Medicentro Familiar sede Suba,Carrera 94B No 132A-65,"CARRERA 94B # 132A-65, Bogotá, Colombia",,,False
189,CLINICA ONCOLIFE SEDE NORTE,Av Cra 45 # 103 59/65,"AVENIDA CRA 45 # 103 59/65, Bogotá, Colombia",,,False
190,CLINICA PALERMO,Calle 45 C No. 22-02,"CALLE 45 C # 22-02, Bogotá, Colombia",4.6535503,-74.0984277,True
192,CLINICA REINA SOFIA,"Cra 21 127 03 / Ac 127 21 60 Cn 106 Al 111, 202, 203, 211, 214, 225, 316, 322, 324, 410 A Y B, 424","CARRERA 21 127 03 / AC 127 21 60 CN 106 AL 111, 202, 203, 211, 214, 225, 316, 322, 324, 410 A Y B, 424, Bogotá, Colombia",,,False
193,CLINICA REINA SOFIA MEDICINA AVANZADA 125,KR 20 124 64,"CARRERA 20 124 64, Bogotá, Colombia",4.6026155,-74.0898174,True
194,CLINICA REINA SOFIA PEDIATRICA Y MUJER,Ac 127 No 20 - 56,"AVENIDA CALLE 127 # 20-56, Bogotá, Colombia",4.706818,-74.0539581,True
196,CLINICA UNIVERSITARIA COLOMBIA,"Cl236646Int5Int4Cs201Al209,3P501,503,505Al507,509,703,704,706,708,710,714Al717,719Al723,725Al727,803,811,813,814,816A818,822A825,903,907,911,915,919A921,927,1004,1009,1013,1015Al1019,1103,1119,1121,1122,1203,1206,1209,1210,1214A12161218A1220122212251226","CL236646INT5INT4CS201AL209,3P501,503,505AL507,509,703,704,706,708,710,714AL717,719AL723,725AL727,803,811,813,814,816A818,822A825,903,907,911,915,919A921,927,1004,1009,1013,1015AL1019,1103,1119,1121,1122,1203,1206,1209,1210,1214A12161218A1220122212251226, Bogotá, Colombia",,,False
197,CLINICA VICTORIA,KR. 11 A N° 97- 55 PI 1,"CARRERA. 11 A # 97-55, Bogotá, Colombia",4.5424808,-74.0881815,True
198,CLINICA VIP CENTRO DE MEDICINA INTERNACIONAL,Calle 97#23-10 Excluye Consultorio 101,"CALLE 97#23-10 EXCLUYE, Bogotá, Colombia",,,False
201,CLININORTE 161,Ac 161 16 C 39/51,"AVENIDA CALLE 161 16 C 39/51, Bogotá, Colombia",,,False
203,COLSUBSIDIO CLINICA 94,Carrera 45 No. 94-67,"CARRERA 45 # 94-67, Bogotá, Colombia",4.6354192,-74.0940207,True
204,Complejo Internacional de Cirugia Plastica S A,Calle 124 Numero 7 38 PI 3 Y 4,"CALLE 124 NUMERO 7 38, Bogotá, Colombia",,,False
206,Crownlife sas,Cr 71 No. 127 - 11,"CARRERA 71 # 127-11, Bogotá, Colombia",4.6950217,-74.0809798,True
241,EMPRESA SOCIAL DEL ESTADO HOSPITAL UNIVERSITARIO DE LA SAMARITANA,CRA 8 # 0 29 SUR,"CARRERA 8 # 0 29 SUR, Bogotá, Colombia",4.563173,-74.1040589,True
251,EUSALUD CLINICA DE TRAUMATOLOGIA Y ORTOPEDIA,KR 78 # 3 A 40,"CARRERA 78 # 3 A 40, Bogotá, Colombia",4.6129395,-74.1585565,True
252,EVOLUTION MEDICAL CENTER SAS,CARRERA 11 D N 119-21,"CARRERA 11 D N 119-21, Bogotá, Colombia",,,False
261,FEREST SALUD IPS SERVICIOS AMBULATORIOS,CALLE 63 SUR # 72 - 08,"CALLE 63 SUR # 72-08, Bogotá, Colombia",4.6362127,-74.1995752,True
271,FUNDACION ABOOD SHAIO,DIAG 115 A # 70 C 75,"DIAG 115 A # 70 C 75, Bogotá, Colombia",,,False
275,FUNDACION HOSPITAL INFANTIL UNIVERSITARIO DE SAN JOSE,KR 52 # 67 A 71,"CARRERA 52 # 67 A 71, Bogotá, Colombia",4.6648825,-74.079083,True
278,FUNDACION SANTA FE DE BOGOTA,CL 119 # 7 75,"CALLE 119 # 7 75, Bogotá, Colombia",4.6967827,-74.0335785,True
292,GRUPO EMPRESARIAL JARBSALUD IPS S.A.S.,Calle 33 bis No. 15 - 64,"CALLE 33 BIS # 15-64, Bogotá, Colombia",4.6186732,-74.0649269,True
293,GUADALUPE MEDICAL CENTER MP CALLEJA,CALLE 127 BIS N° 19-25 OFICINA 202A-203-208 EDIFICIO IMAGEN,"CALLE 127 BIS # 19-25, Bogotá, Colombia",4.7160134,-74.0890265,True
313,HOSPITAL MILITAR CENTRAL,"TV 3C No 49-02 El Hospital Militar presta servicios en todas las áreas del edificio central, Imagenes diagnóstica y edificio Fe en la causa EXCEPTO en el cuarto piso norte y central donde funciona servicio de terapia renal RTS","TRANSVERSAL 3C # 49-02 EL HOSPITAL MILITAR PRESTA SERVICIOS EN TODAS LAS ÁREAS DEL EDIFICIO CENTRAL, IMAGENES DIAGNÓSTICA Y EDIFICIO FE EN LA CAUSA EXCEP, Bogotá, Colombia",,,False
314,Hospital Occidente de Kennedy,TV 74 F # 40 B 54 SUR,"TRANSVERSAL 74 F # 40 B 54 SUR, Bogotá, Colombia",,,False
315,HOSPITAL UNIVERSITARIO BARRIOS UNIDOS-MEDERI,CL 66 A # 52 25,"CALLE 66 A # 52 25, Bogotá, Colombia",,,False
316,HOSPITAL UNIVERSITARIO CLINICA SAN RAFAEL,CRA 8 # 17 45 SUR,"CARRERA 8 # 17 45 SUR, Bogotá, Colombia",4.5762227,-74.0905634,True
318,HOSPITAL UNIVERSITARIO MAYOR-MEDERI,CL 24 # 29 45,"CALLE 24 # 29 45, Bogotá, Colombia",4.6233581,-74.082687,True
319,HOSPITAL UNIVERSITARIO NACIONAL DE COLOMBIA,CL 44 # 59 75,"CALLE 44 # 59 75, Bogotá, Colombia",4.6473492,-74.0939278,True
320,HOSPITAL UNIVERSITARIO SAN IGNACIO,CRA 7 # 40 62,"CARRERA 7 # 40 62, Bogotá, Colombia",4.5641652,-74.1006165,True
325,INSTITUTO DE ORTOPEDIA INFANTIL ROOSEVELT,CRA 4 ESTE # 17 50 AV CIRCUNVALAR,"CARRERA 4 ESTE # 17 50 AV CIRCUNVALAR, Bogotá, Colombia",,,False
326,INSTITUTO DE ORTOPEDIA Y CIRUGIA PLASTICA SAS,AK 19 # 114 87 piso 1 y 2 local 4,"AVENIDA CARRERA 19 # 114 87, Bogotá, Colombia",4.7404178,-74.0429742,True
327,INSTITUTO MEDICO DE ESPECIALISTAS CLINICA DE ESPECIALISTAS CENTROODONTOLOGICO,AV CARACAS # 30 51,"AVENIDA CARACAS # 30 51, Bogotá, Colombia",4.5829858,-74.0996333,True
329,INSTITUTO NACIONAL DE OFTALMOLOGIA S.A.,CALLE 127A N° 7-53 CS 5001 5002 5003 5004 5005 5006,"CALLE 127A # 7-53, Bogotá, Colombia",4.703464,-74.0293121,True
396,KLINIMEQX 147,AC 147 # 19 50 LOCAL 6 Y 31,"AVENIDA CALLE 147 # 19 50, Bogotá, Colombia",,,False
414,LOSCOBOS MEDICAL CENTER SAS - LOSCOBOS,AK 9 N° 131 A - 40,"AVENIDA CARRERA 9 # 131 A-40, Bogotá, Colombia",4.7308362,-74.032246,True
455,Medicentro Familiar IPS SAS,Calle 20 No. 98-62,"CALLE 20 # 98-62, Bogotá, Colombia",4.6630522,-74.1312044,True
456,MEDIPORT BS,Calle 127 A 7 A 36,"CALLE 127 A 7 A 36, Bogotá, Colombia",4.7167351,-74.0910838,True
457,MEISAR IPS SAS,CL 123 Nº 7 C 06 CONSULTORIO 1 Y 2,"CALLE 123 # 7 C 06, Bogotá, Colombia",4.7047063,-74.0613709,True
494,PROSEGUIR SEDE 3,Cra. 16 Nº 59-04,"CARRERA. 16 # 59-04, Bogotá, Colombia",4.6221114,-74.0714923,True
495,QUALITY CARE,Calle 97 # 23-37 Piso 10 Cons. 1001 Y 309,"CALLE 97 # 23-37, Bogotá, Colombia",4.6828273,-74.0501116,True
516,RIVIERE CLINIC SAS,AV KR 19 # 109 A - 57,"AVENIDA KR 19 # 109 A-57, Bogotá, Colombia",,,False
531,SANTA BARBARA SURGERY CENTER SAS,CRA 7A # 123-25 OFICINA 2A-2B-2C CONSULTORIO 602-604,"CARRERA 7A # 123-25, Bogotá, Colombia",4.7210811,-74.0275842,True
532,SANTA BARBARA SURGICAL CENTER S.A.S,"Cra. 22 Nº 100-24 piso 1,piso 3 consultorios 1,2,3 y 7","CARRERA. 22 # 100-24, Bogotá, Colombia",4.6862273,-74.1501414,True
542,SK QUIROFANOS,CALLE 119 No. 7-14 CONSULTORIOS 201 A 210,"CALLE 119 # 7-14, Bogotá, Colombia",4.6971247,-74.0343114,True
543,Sociedad de Cirugía de Bogotá - Hospital de San José,CL 10 No. 18 - 75,"CALLE 10 # 18-75, Bogotá, Colombia",4.6560633,-74.1541833,True
544,SOCIEDAD MEDICA ALCALA SAS,AVENIDA CARRERA 19 No 135-24,"AVENIDA CARRERA 19 # 135-24, Bogotá, Colombia",4.7404178,-74.0429742,True
547,STEMWELL,Cra. 13 No 118-08,"CARRERA. 13 # 118-08, Bogotá, Colombia",4.6751099,-74.0500998,True
551,SYMMETRY PLASTIC SURGERY,CRA 18 80 52 PISO 5,"CARRERA 18 80 52, Bogotá, Colombia",4.5993125,-74.088089,True
559,TPF CIRUJANOS Y CIA LTDA- NUEVA CLINICA LOS CEDROS,CL 137 # 19 42 PISO 1,"CALLE 137 # 19 42, Bogotá, Colombia",4.7459336,-74.1198169,True
568,UNIDAD DE SERVICIOS DE SALUD CENTRO DE SERVICIOS ESPECIALIZADO,KR 104 Nº 152C-50,"CARRERA 104 # 152C-50, Bogotá, Colombia",,,False
570,UNIDAD DE SERVICIOS DE SALUD EL TUNAL,CR 20 47B-35 SUR,"CARRERA 20 47B-35 SUR, Bogotá, Colombia",,,False
571,UNIDAD DE SERVICIOS DE SALUD ENGATIVÁ CALLE 80,TRANSVERSAL 100 A # 80 A - 50,"TRANSVERSAL 100 A # 80 A-50, Bogotá, Colombia",,,False
572,UNIDAD DE SERVICIOS DE SALUD MEISSEN,KR 18 B No. 60 G - 36 SUR,"CARRERA 18 B # 60 G-36 SUR, Bogotá, Colombia",,,False
573,UNIDAD DE SERVICIOS DE SALUD SAN BLAS,TRANSVERSAL 5 ESTE NUMERO 19-50 SUR,"TRANSVERSAL 5 ESTE NUMERO 19-50 SUR, Bogotá, Colombia",,,False
574,UNIDAD DE SERVICIOS DE SALUD SANTA CLARA HOSPITAL UNIVERSITARIO,CARRERA 14 B NUMERO 1-45 SUR,"CARRERA 14 B NUMERO 1-45 SUR, Bogotá, Colombia",,,False
575,UNIDAD DE SERVICIOS DE SALUD SIMÓN BOLÍVAR,CALLE 165 # 7 06,"CALLE 165 # 7 06, Bogotá, Colombia",4.7417683,-74.0260624,True
582,UNIDAD QUIRURGICA DEPIEL,AV CL 134 # 7 -83 MODULOS 152 / 351 TORRE 1 Y 3 PISO 5,"AVENIDA CL 134 # 7-83, Bogotá, Colombia",4.7116652,-74.0294968,True
587,VIRREY SOLIS IPS SA UMEQ CALLE 100,"CR 48 N° 98-81 PISO 3,4 Y 6","CARRERA 48 # 98-81, Bogotá, Colombia",4.6865981,-74.0605218,True
593,WORLD MEDICAL CENTER,CL 98 # 9A 46 PI 2 OF 201,"CALLE 98 # 9A 46, Bogotá, Colombia",4.6801765,-74.0419833,True
2,ADOLFO RICARDO GREGORIO ROSALES MALDONADO,CRA 16 # 84 A 09 CONS 620,"CARRERA 16 # 84 A 09, Bogotá, Colombia",4.6919057,-74.0470056,True
4,adriana piedad santofimio macias,Carrera 45 # 106-71 Oficina 304,"CARRERA 45 # 106-71, Bogotá, Colombia",4.6409808,-74.0883555,True
5,Adriana Ruiz Gonzalez,Calle 97 # 23 - 37 CONSULTORIO 520,"CALLE 97 # 23-37, Bogotá, Colombia",4.6828273,-74.0501116,True
6,Adriana Ximena Martinez Rojas,CRA 7A No. 123 - 23 OFICINA 6A,"CARRERA 7A # 123-23, Bogotá, Colombia",4.7210811,-74.0275842,True
7,AESTHETIC MEDICAL SPA,KR 10 No. 96 - 25 CS 403,"CARRERA 10 # 96-25, Bogotá, Colombia",4.712556,-74.0351478,True
8,"AG INSTITUTE CIRUGÍA PLÁSTICA, RECONSTRUCTIVA Y SALUD ESTETICA I.P.S. S.A.S",Carrera 7 BIS No 124 - 26 Oficina 201,"CARRERA 7 BIS # 124-26, Bogotá, Colombia",4.7000011,-74.0296119,True
9,Alberto Arevalo Garcia,KR 15 # 83 33 PISO 3 CS 302,"CARRERA 15 # 83 33, Bogotá, Colombia",4.6366511,-74.0680228,True
12,ALEJANDRO AFANADOR MONTENEGRO,KR 16 # 84 A 09 CS 305,"CARRERA 16 # 84 A 09, Bogotá, Colombia",4.6919057,-74.0470056,True
14,ALEJANDRO DUQUE RESTREPO,AK 19 # 95 31 CONSULTORIO 211,"AVENIDA CARRERA 19 # 95 31, Bogotá, Colombia",4.6829318,-74.0528803,True
17,ALEXANDRA MORA HERNANDEZ,CARRERA 16 No 84 A -09 CS 723,"CARRERA 16 # 84 A-09, Bogotá, Colombia",4.6221114,-74.0714923,True
18,Alfonso Rafael Lemaitre Soleiman,Carrera 7 # 119 - 14 CS 409,"CARRERA 7 # 119-14, Bogotá, Colombia",4.6959199,-74.0315095,True
19,alfonso suarez monsalve,Calle106 N0 56-76 Consultorio 502,"CALLE106 N0 56-76, Bogotá, Colombia",,,False
22,ALMO CARE S.A.S.,avenida carrera 19 Nº 108 - 45 oficina 402,"AVENIDA CARRERA 19 # 108-45, Bogotá, Colombia",4.6977924,-74.0501464,True
26,ANA LUCIA TERESA LUQUE HIGUERA,AV 19 No.102-53 CS-420,"AVENIDA 19 # 102-53, Bogotá, Colombia",4.6182123,-74.0751573,True
29,Ana Maria Sastre Zuluaga,"Calle 127 bis # 19 -25, consultorio 403, Edificio Imagen 127","CALLE 127 BIS # 19-25, Bogotá, Colombia",4.7160134,-74.0890265,True
30,ANDAR CALLE 80,AC 80 N 69 K 27,"AVENIDA CALLE 80 # 69 K 27, Bogotá, Colombia",4.6671334,-74.0620358,True
34,ANDREA LISETH TAVERA SANABRIA,AK 9 N° 127 C-60 CONS 212-1,"AVENIDA CARRERA 9 # 127 C-60, Bogotá, Colombia",,,False
35,Andres Camilo Gongora Rueda,CALLE 90 # 19A-49 CS 204 - 1,"CALLE 90 # 19A-49, Bogotá, Colombia",4.6764088,-74.0573791,True
37,ANDRES FELIPE CASTRO DAZA,AK 7 N° 127-48 LOCAL 1206 CN 2,"AVENIDA CARRERA 7 # 127-48, Bogotá, Colombia",4.6874862,-74.0351579,True
38,ANDRES FERNANDO DURAN PINILLA,CALLE 98#9A-46 OFICINA 702C - CN 1 SP 1,"CALLE 98#9A-46, Bogotá, Colombia",4.669339,-74.0217458,True
40,ANDRES MAURICIO NEIRA GRAJALES,KR 16 No. 84 A -09 CS 416,"CARRERA 16 # 84 A-09, Bogotá, Colombia",4.6221114,-74.0714923,True
42,ANGEL RODRIGO BELTRAN SIERRA,CL 127 A No 7-53 CS4006,"CALLE 127 A # 7-53 CS4006, Bogotá, Colombia",,,False
47,ARTURO ALEJANDRO DENIZ Y MARTINEZ,CL 119 No. 7 - 14 CS. 513,"CALLE 119 # 7-14, Bogotá, Colombia",4.6971247,-74.0343114,True
48,ASISTIR SALUD SAS ENGATIVA,CL 64 G # 90 A 40,"CALLE 64 G # 90 A 40, Bogotá, Colombia",,,False
49,ASMEDAN,AV 1 MAYO # 34- 41,"AVENIDA 1 MAYO # 34-41, Bogotá, Colombia",,,False
50,ASMEDAN SUBA,CALLE 139 Nº 101C - 06,"CALLE 139 # 101C-06, Bogotá, Colombia",,,False
53,BEATRIZ STELLA PEREZ DE GARAVITO,KR 13 A # 102 86 CS 301,"CARRERA 13 A # 102 86, Bogotá, Colombia",4.6707384,-74.0529397,True
56,BERTHA JANNETH PARRA OSORIO,AV CALLE 127 No 14-54 cons 514,"AVENIDA CALLE 127 # 14-54, Bogotá, Colombia",4.7279261,-74.1008496,True
59,BOLIVAR SALUD IPS S.A.S SEDE CALLE 134,CALLE 134 # 7B-83 CONS 513,"CALLE 134 # 7B-83, Bogotá, Colombia",4.7114292,-74.0308949,True
60,BOLIVAR SALUD IPS S.A.S SEDE CARRERA 10,Carrera 10 # 16 -39 Mezzanine 106,"CARRERA 10 # 16-39 MEZZANINE 106, Bogotá, Colombia",,,False
63,BUKURE,CALLE 114 6 A 92 LOCAL D222,"CALLE 114 6 A 92, Bogotá, Colombia",4.6972409,-74.0526633,True
64,CAMILO ANDRES CAÑAS MARTINEZ,Carrera 7 #127-48 oficina 1108 centro empresarial 128,"CARRERA 7 #127-48, Bogotá, Colombia",4.6757081,-74.041004,True
65,camilo andres mejia ortiz,Av Cra 19 # 102 - 53 CS 601,"AVENIDA CRA 19 # 102-53, Bogotá, Colombia",4.6977924,-74.0501464,True
67,CAMILO ENRIQUE ACOSTA GUERRERO,CL 98 #15-17 CS 508,"CALLE 98 #15-17, Bogotá, Colombia",4.669339,-74.0217458,True
68,CAMILO HERNANDO SEPULVEDA PEÑA,CALLE 127 #20-16 OFICINA 210 EDIFICIO PLUSS 127,"CALLE 127 #20-16, Bogotá, Colombia",4.7293567,-74.1051666,True
69,CAMILO JOSE PRIETO GARZON,KRA 16A 82-46 CS 307,"KRA 16A 82-46, Bogotá, Colombia",,,False
78,CARLOS DAVID GUTIERREZ MONTENEGRO,CRA 15 # 92 - 29 Oficina 301,"CARRERA 15 # 92-29, Bogotá, Colombia",4.5358888,-74.1371437,True
80,CARLOS EDUARDO LOPEZ VALDERRAMA,KR 19 C # 90 14 CS 407,"CARRERA 19 C # 90 14, Bogotá, Colombia",4.6030289,-74.0874428,True
81,CARLOS ERNESTO ARANGO TUMIÑA,CRA 15 # 84A-24 CONSULTORIO 207,"CARRERA 15 # 84A-24, Bogotá, Colombia",4.6062136,-74.0791061,True
83,CARLOS JOSE LACOUTURE ARMENTA,CRA 15 # 83-33 CS 301,"CARRERA 15 # 83-33, Bogotá, Colombia",4.5358888,-74.1371437,True
84,CARLOS JULIO DIAZ DAVILA,CL 91 19 C 62 CONSULTORIO 301 - 302,"CALLE 91 19 C 62, Bogotá, Colombia",4.6778896,-74.0576911,True
85,CARLOS MAURICIO TASCON MUÑOZ,CALLE 134 N 7 - 83 TORRE 3 PISO 4 CS 342,"CALLE 134 # 7-83, Bogotá, Colombia",4.7423001,-74.1264243,True
88,CAROLINA PEÑA DIAZ,cra 16 # 106-21 consultorio 307,"CARRERA 16 # 106-21, Bogotá, Colombia",4.6123693,-74.0756681,True
94,Centro de Atención en Salud Cafam Calle 90,Carrera 17 N° 90 - 13,"CARRERA 17 # 90-13, Bogotá, Colombia",4.6686115,-74.0573498,True
98,Centro de Atención en Salud Cafam Floresta,AK 68 No.90-88,"AVENIDA CARRERA 68 # 90-88, Bogotá, Colombia",4.61943,-74.1260465,True
100,CENTRO DE BIENESTAR INTEGRAL CENTRO MAYOR,CL 38 A SUR # 34 D - 51 LC 1-134 PI 1 CS 101 AL 108 P2 CS 201 AL 226 PI 3 CS 301,"CALLE 38 A SUR # 34 D-51, Bogotá, Colombia",,,False
102,CENTRO DE DERMATOLOGIA Y CIRUGIA PLASTICA DEL COUNTRY S.A.S.,Calle 83 # 19 - 36 Cons 705,"CALLE 83 # 19-36, Bogotá, Colombia",4.7206491,-74.1138885,True
103,CENTRO DE ESPECIALISTAS MÉDICOS AXA COLPATRIA ALSACIA,Carrera 72 12 B 48 L2-101,"CARRERA 72 12 B 48 L2-101, Bogotá, Colombia",,,False
104,CENTRO DE REHABILITACION PARA NIÑOS CON LABIO Y PALADAR FISURADO - FISULAB,Calle 161 A N. 21-35,"CALLE 161 A N. 21-35, Bogotá, Colombia",,,False
105,CENTRO DE SALUD CIRUGIA ESTETICA AMBULATORIA,KR 48 # 122 - 28,"CARRERA 48 # 122-28, Bogotá, Colombia",4.7576192,-74.0471051,True
106,CENTRO DE SERVICIOS AMBULATORIOS - CLINICA LA COLINA,"Carrera 67 # 167 61 Local 8,9,10,11,12,13 Consultorio 211,504, 505, 510-3, 515, 516, 517","CARRERA 67 # 167 61, Bogotá, Colombia",4.7520848,-74.0645894,True
109,CENTRO INTEGRAL DE CIRUGIA PLASTICA Y DERMATOPATOLOGIA IPS SAS,Avenida Carrera 9 116 20 Consultorio 618,"AVENIDA CARRERA 9 116 20, Bogotá, Colombia",4.6874032,-74.0441125,True
110,CENTRO INTEGRAL DE INNOVACIÓN Y TECNOLOGÍA CLÍNICA ONKOS S.A.S,Diagonal 33 Bis A # 14 37,"DIAGONAL 33 BIS A # 14 37, Bogotá, Colombia",4.622801,-74.0718424,True
111,CENTRO MEDICO COLMEDICA SEDE BELAIRE,CALLE 153 NO. 6-65 LOCAL L07 LC201 CC BELAIRE PLAZA ET II,"CALLE 153 # 6-65, Bogotá, Colombia",4.7438667,-74.0682854,True
114,CENTRO MEDICO COLMEDICA SEDE COLINA CAMPESTRE,CALLE 151 N 54 - 15 ET II LC 21,"CALLE 151 # 54-15 ET II, Bogotá, Colombia",,,False
115,CENTRO MEDICO COLMEDICA SEDE COUNTRY PARK,KR 18 N° 84 - 11 PISO 2 Y 3,"CARRERA 18 # 84-11, Bogotá, Colombia",4.6699553,-74.0575771,True
116,CENTRO MEDICO COLMEDICA SEDE SALITRE CAPITAL,AC 26 No. 69C-03 T. A y T. B Ofc. 3-01 y 5-01,"AVENIDA CALLE 26 # 69C-03, Bogotá, Colombia",4.6227774,-74.0781812,True
119,CENTRO MEDICO COLSANITAS PREMIUM CALLE 96,"KR 14 96 22 / KR 14 96 08 P1, P2 INT 202,203 Y 204, P3, P4.","CARRERA 14 96 22 / KR 14 96 08 P1, P2, Bogotá, Colombia",,,False
120,CENTRO MEDICO COLSANITAS PREMIUM LA CALLEJA,"CL 127 # 20 16 PI 6 IN 2, IN 3, IN 4","CALLE 127 # 20 16, Bogotá, Colombia",4.7293567,-74.1051666,True
121,CENTRO MÉDICO COLSUBSIDIO PLAZA DE LAS AMÉRICAS,Kr 71 D # 6-94 S Locales 1828 y 2818,"CARRERA 71 D # 6-94 S, Bogotá, Colombia",,,False
124,CENTRO MÉDICO SEDE TORRE COLMÉDICA SANTA BÁRBARA,AK 45 NO. 122 - 96 Piso 1 Excepto Consultorios A y B - Piso 2 - Piso 4 - Piso 6 - Piso 7,"AVENIDA CARRERA 45 # 122-96, Bogotá, Colombia",4.7039715,-74.0537155,True
125,Centro Nacional de Enfermedades Huerfanas y Linfedema IPS SAS CENEH IPS SAS,KR 16 # 82 29 CS 209,"CARRERA 16 # 82 29, Bogotá, Colombia",4.6683451,-74.0570311,True
129,CESAR FERNANDO AVILA MEDINA,CRA 7A No. 123 - 23 OFICINA 6A,"CARRERA 7A # 123-23, Bogotá, Colombia",4.7210811,-74.0275842,True
131,CESAR MAURICIO LINARES GARZON,CALLE 62 # 21 44 CONSULTORIO 3,"CALLE 62 # 21 44, Bogotá, Colombia",4.6500737,-74.0721712,True
134,CIENCIA Y ESTETICA CIRUGIA PLASTICA,AK 45 # 118 86 PI 7,"AVENIDA CARRERA 45 # 118 86, Bogotá, Colombia",4.6842648,-74.0579727,True
138,CIRUPLASTIA - DRS. MONROY I.P.S. S.A.S.,AK 15 92 29 OF 802 PI 1,"AVENIDA CARRERA 15 92 29, Bogotá, Colombia",4.6762517,-74.0524096,True
139,CLARA CATALINA MORALES RAMIREZ,AV 19 No. 102-53 CS-420,"AVENIDA 19 # 102-53, Bogotá, Colombia",4.6182123,-74.0751573,True
140,CLARA NATALIA PEDRAZA BORRERO,CL 119 No. 7 - 14 CS. 416,"CALLE 119 # 7-14, Bogotá, Colombia",4.6971247,-74.0343114,True
141,CLARA YAZMIDA PINZON NAVARRETE,#N/D,"#N/D, Bogotá, Colombia",4.7011955,-74.1463451,True
144,CLAUDIA MARCELA CLAVIJO RODRIGUEZ,AK 45 # 104 76 CS 303,"AVENIDA CARRERA 45 # 104 76, Bogotá, Colombia",4.752134,-74.0462931,True
145,Claudia Marcela Restrepo Bernal,CALLE 127 N. 19A-44 Consultorio 410 Acomédica II,"CALLE 127 N. 19A-44, Bogotá, Colombia",,,False
146,CLAUDIA PATRICIA NIETO GONZALEZ,Calle 127A Nº 7 -53 CS 3007,"CALLE 127A # 7-53, Bogotá, Colombia",4.703464,-74.0293121,True
148,CLINICA AVELLANEDA HERNANDEZ S.A.S.,CL 106 # 17 45,"CALLE 106 # 17 45, Bogotá, Colombia",4.691521,-74.0482006,True
150,CLINICA BELLATRIZ COUNTRY,Cra 19 # 84 - 17 Piso 6 7 y 8,"CARRERA 19 # 84-17, Bogotá, Colombia",4.531522,-74.1503651,True
154,CLINICA COLOMBIANA DE OBESIDAD Y METABOLISMO SAS,"CARRERA 23 # 124-87 TORRE 1 CONSULTORIO 803,804, 805,806 EDIFICIO TORRE ZENTAI","CARRERA 23 # 124-87, Bogotá, Colombia",4.7049826,-74.0531535,True
158,CLINICA CUABAL SAS,CALLE 71 N° 17-11 (PISO 1),"CALLE 71 # 17-11, Bogotá, Colombia",4.694277,-74.1075215,True
165,CLINICA DE ORTOPEDIA Y ACCIDENTES LABORALES,Calle 6 A # 70 - 06,"CALLE 6 A # 70-06, Bogotá, Colombia",4.6490693,-74.1616335,True
166,CLINICA DEL COUNTRY - CENTRO DE DIAGNOSTICO,"CR 18 N° 82 - 39 PI 2, 3 EXCEPTO CS 301, 4, 5, 8, 9 Y CS 604 A, 604 B Y 610","CARRERA 18 # 82-39, Bogotá, Colombia",4.6689564,-74.0580633,True
170,CLINICA DERMALINE LASER SAS,CARRERA 18 80 06 CONSULTORIO 421 - 422,"CARRERA 18 80 06, Bogotá, Colombia",4.6674158,-74.0584913,True
186,CLINICA NUEVA,CL 45 F # 16 A 11,"CALLE 45 F # 16 A 11, Bogotá, Colombia",,,False
187,CLINICA OBESIDAD Y ENVEJECIMIENTO SAS Sigla: CLOE,Cr 14 No. 105 A 91,"CARRERA 14 # 105 A 91, Bogotá, Colombia",,,False
191,CLINICA PALERMO CARRERA 23,"Carrera 23 No. 45C- 31 Laboratorio Clinico Local 102- Unidad de Cirugia Ambulatoria Local 108- Unidad de Endoscopia Local 109- Consulta externa Locales 203A,204,205,206,206A,207,208,208A,209 y 210-Consulta Prioritaria Local 203 y 215 Consultorio 3","CARRERA 23 # 45C-31 LABORATORIO CLINICO, Bogotá, Colombia",,,False
207,CRUZ ROJA COLOMBIANA SECCIONAL CUNDINAMARCA Y BOGOTA,AK 68 No 68 B 31,"AVENIDA CARRERA 68 # 68 B 31, Bogotá, Colombia",,,False
208,CRUZ ROJA COLOMBIANA SECCIONAL CUNDINAMARCA Y BOGOTA SEDE ALQUERIA,Av. CRA. 68 No. 31 - 41 SUR,"AVENIDA. CRA. 68 # 31-41 SUR, Bogotá, Colombia",4.6227994,-74.1249461,True
209,CRUZ ROJA COLOMBIANA SECCIONAL CUNDINAMARCA Y BOGOTA SEDE NORTE,"AC 134 NO. 7 B-41 PUERTA 2 Piso 1 y Piso 2, Excepto el Laboratorio Clínico y Toma de Muestras del Piso 1","AVENIDA CALLE 134 # 7 B-41 PUERTA 2, Bogotá, Colombia",,,False
210,DANIEL CARDONA GANEN,CALLE 127 # 20-16 OFICINA 210 EDIFICIO PLUSS 127,"CALLE 127 # 20-16, Bogotá, Colombia",4.7293567,-74.1051666,True
211,DANIEL OSWALDO ALVAREZ RAMIREZ,KR 16 No. 84A - 09 CS. 411,"CARRERA 16 # 84A-09, Bogotá, Colombia",4.6583703,-74.0639476,True
212,Daniela Stephania Vaca Grisales,Calle 127 A # 7 - 19 CS 503 - 2 y - 3,"CALLE 127 A # 7-19, Bogotá, Colombia",4.7167351,-74.0910838,True
214,DARIO ALBERTO JURIS LOPEZ,CALLE 127 A 7-19 CS 301C,"CALLE 127 A 7-19, Bogotá, Colombia",4.7167351,-74.0910838,True
215,DARIO FERNANDEZ LOAIZA,CALLE 127 #20-16 OFICINA 317 EDIFICIO PLUSS 127,"CALLE 127 #20-16, Bogotá, Colombia",4.7293567,-74.1051666,True
216,DAVID FERNANDO DUQUE ROPERO,calle 80 # 10 - 43 cons 506,"CALLE 80 # 10-43, Bogotá, Colombia",4.6637072,-74.0535983,True
222,DIEGO ANDRES DAVILA JIMENEZ,CL 124 7 38 CS 502,"CALLE 124 7 38, Bogotá, Colombia",4.7018126,-74.0345426,True
226,DIMITRIS RODRIGUEZ RAMIREZ,CALLE 124 # 7-35 CONSULTORIO 504,"CALLE 124 # 7-35, Bogotá, Colombia",4.7023287,-74.0381699,True
227,DOSE HEALTH & COSMETIC MEDICINE IPS SAS,Cl 117 No. 6 A 60 Cons 402,"CALLE 117 # 6 A 60, Bogotá, Colombia",4.7002152,-74.0762376,True
229,DRS RENE PEDRAZA IPS SAS,AK 9 NO. 116 20 CS 517,"AVENIDA CARRERA 9 # 116 20, Bogotá, Colombia",4.6874032,-74.0441125,True
230,DRS.PULIDO IPS SAS,Cr 49A # 93 - 23 P 1 Y P 2,"CARRERA 49A # 93-23 P 1 Y P 2, Bogotá, Colombia",,,False
231,"Edificio Ambulatorio FSFB Piso 1,3,4,5,7,8,10 y 11","Calle 119 # 7- 80 Piso 1, Piso 3 C: 301,302,303,304,305,306,307,308,309,310,316,317,318,319, Piso 4 C: 401,402,403,404,405,406,407,408,409,410, Piso 5 C:501,502,503,504,505,506,507,508,509,510,511,Piso 7, Piso 8, Piso 10 consultorio 1004, Piso 11.","CALLE 119 # 7-80, Bogotá, Colombia",4.6965636,-74.032925,True
233,EDUARDO SOLANO GUTIERREZ,CRA 16 # 84 A 09 CONS 310,"CARRERA 16 # 84 A 09, Bogotá, Colombia",4.6919057,-74.0470056,True
234,EDWIN LEONARDO ROJAS ROJAS,KR 14 A No. 127 - 15 CS. 202,"CARRERA 14 A # 127-15, Bogotá, Colombia",4.5378288,-74.1338049,True
235,EINAR FERNANDO OQUENDO VILLACRES,KR. 16 A No. 82 - 46 CS. 404,"CARRERA. 16 A # 82-46, Bogotá, Colombia",4.538055,-74.1382888,True
239,ELKIN MAURICIO SOLER LANDAZABAL,CARRERA 7A # 127- 84 CN 4004,"CARRERA 7A # 127-84 CN 4004, Bogotá, Colombia",,,False
243,ERICA ZASKIA MENZE ROJAS,CALLE 127 #20-16 OFICINA 317 EDIFICIO PLUSS 127,"CALLE 127 #20-16, Bogotá, Colombia",4.7293567,-74.1051666,True
248,ESMEDICA CIRUPLASTICA SAS,CARRERA 19 A 90 - 13 CONSULTORIO 507,"CARRERA 19 A 90-13, Bogotá, Colombia",,,False
249,ESPECIALISTAS CIRUJANOS PLÁSTICOS S.A.S. SIGLA: ECIPLAST S.A.S,calle 120 A 7-05 piso M,"CALLE 120 A 7-05, Bogotá, Colombia",,,False
250,ETERNIA BY DR. CAMILO HENAO IPS S.A.S,CALLE 98 9 A 46 OFICINA 401,"CALLE 98 9 A 46, Bogotá, Colombia",4.6801765,-74.0419833,True
253,FABIAN ANDRES OROZCO RODRIGUEZ,CARRERA 49 # 93 -60 Consultorio 8,"CARRERA 49 # 93-60, Bogotá, Colombia",4.6815569,-74.0616714,True
256,FALCK HOMECARE,AK 68 D #18 - 30 Interior 3,"AVENIDA CARRERA 68 D #18-30, Bogotá, Colombia",4.6322647,-74.1212127,True
257,FEDERICO VARGAS MEJIA,Carrera 16 # 88-81/93 Consultorio 408,"CARRERA 16 # 88-81/93, Bogotá, Colombia",,,False
262,FERNANDO ANTONIO MUNAR GONZALEZ,TRANS 59 No 104B -86 CONS 704,"TRANS 59 # 104B-86, Bogotá, Colombia",,,False
265,FRANCISCO ALBERTO VELA CABRERA,Calle 127A # 7-19 CS. 413,"CALLE 127A # 7-19, Bogotá, Colombia",4.7042731,-74.0311395,True
266,FRANCISCO EMILIO ZAMBRANO GARCIA,CL 97 # 23 37 CS - 709- 715,"CALLE 97 # 23 37, Bogotá, Colombia",4.6874039,-74.0704674,True
268,FREDDY SANABRIA SCHARF,CALLE 119 No 7-14 cons 703,"CALLE 119 # 7-14, Bogotá, Colombia",4.6971247,-74.0343114,True
269,Fredy Alexander Murcia Torres,Cra 19 A No. 82-85 consultorio 709 Edificio Country Medical Center,"CARRERA 19 A # 82-85, Bogotá, Colombia",,,False
272,FUNDACIÓN CARDIOINFANTIL-INSTITUTO DE CARDIOLOGÍA,"KR 13 B # 161-85 To H Pi1,2,3, To I Pi4 Cs 401, Pi5 Cs 501-502-503-504-508-509-510-511-512-513-514-515-516-517, Pi6 Cs 601-602-603-604-609-611-612-613-615-616-617-618, Pi7 Cs 709-711-712-713-714-716-717-718, Pi8 Cs 801-802-813, Pi10 Cs C01,Pi12 CI1-CI2","CARRERA 13 B # 161-85, Bogotá, Colombia",,,False
273,FUNDACION DEL QUEMADO,CL 128 B # 59 B 20,"CALLE 128 B # 59 B 20, Bogotá, Colombia",4.7159586,-74.0749172,True
274,FUNDACION HOSPITAL DE LA MISERICORDIA,Avenida Carrera 14 No 1-65,"AVENIDA CARRERA 14 # 1-65, Bogotá, Colombia",4.5268184,-74.1196876,True
276,FUNDACION HOSPITAL SAN CARLOS,KR 12D 32- 44 SUR,"CARRERA 12D 32-44 SUR, Bogotá, Colombia",4.5759024,-74.102834,True
277,FUNDACION OPERACION SONRISA COLOMBIA,CLL 90 # 19 C - 41,"CALLE 90 # 19 C-41, Bogotá, Colombia",4.6707933,-74.046086,True
280,GABRIEL HORACIO ALVARADO GARCIA,KR 14 # 127 11 CS 601,"CARRERA 14 # 127 11, Bogotá, Colombia",4.6714304,-74.0538352,True
281,GASTROSERVICIOS BOGOTÁ,"Calle 127 Bis # 19 25 Oficinas 402, 408 Y 414","CALLE 127 BIS # 19 25, Bogotá, Colombia",4.7060944,-74.047107,True
282,GENER ALEJANDRO FAJARDO RUIZ,CRA 16 A #80-16 CS 206,"CARRERA 16 A #80-16, Bogotá, Colombia",4.538055,-74.1382888,True
284,GERMAN GUILLERMO ROJAS DUARTE,Avenida Kra 9 # 127B-16 CONS 409,"AVENIDA KRA 9 # 127B-16, Bogotá, Colombia",,,False
288,GLORIA ESPERANZA VALLEJO HENAO,KR 16 A # 80 65 CS 404,"CARRERA 16 A # 80 65, Bogotá, Colombia",4.538055,-74.1382888,True
289,GLORIA ORDOÑEZ NORIEGA,CL 91 # 19 C 55 CS 601,"CALLE 91 # 19 C 55, Bogotá, Colombia",4.5097807,-74.1479961,True
291,GONZALO MALLARINO RESTREPO,CALLE 127 # 20-16 OFICINA 210 EDIFICIO PLUSS 127,"CALLE 127 # 20-16, Bogotá, Colombia",4.7293567,-74.1051666,True
296,GUISELLA TERESA SERRANO DE SANTAELLA,AC 127 21 60 CN 422,"AVENIDA CALLE 127 21 60 CN 422, Bogotá, Colombia",,,False
297,GZ Y ASOCIADOS S.A.S.,calle 127 A No. 7 - 53 Consultorios 7001-7002,"CALLE 127 A # 7-53, Bogotá, Colombia",4.7167351,-74.0910838,True
298,HAIDY LORENA VILLARRAGA DAZA,Carrera 18# 84-11 Consultorios SC 801,"CARRERA 18# 84-11, Bogotá, Colombia",4.6699553,-74.0575771,True
299,Hannell Stefanía Saavedra Soler,Avenida Calle 127 No 20 - 16 Consultorio 418 Edificio Pluss 127,"AVENIDA CALLE 127 # 20-16, Bogotá, Colombia",4.7279261,-74.1008496,True
300,Héctor Ernesto Barbosa Landínez,CALLE 127 A No 7 - 19 OFICINA 305 CONSULTORIO 1,"CALLE 127 A # 7-19, Bogotá, Colombia",4.7167351,-74.0910838,True
301,HECTOR GUILLERMO LEON HIGUERA,KR 19 A No. 82 - 85 CS. 614,"CARRERA 19 A # 82-85, Bogotá, Colombia",,,False
304,HERLEY AGUIRRE SERRANO,CRA 13 N° 49 -40 CONS 426 CLINICA DE MARLY,"CARRERA 13 # 49-40, Bogotá, Colombia",4.7262017,-74.0376504,True
305,HERMES LUJAN GAMBA BARBOSA,CLL 127 A # 7 - 19 CS206,"CALLE 127 A # 7-19 CS206, Bogotá, Colombia",,,False
309,HERNANDO PEREZ CAMARGO,AV CLL 24 No. 51-40 CONSULTORIO 416,"AVENIDA CLL 24 # 51-40, Bogotá, Colombia",,,False
310,HERRERA ERAZO CARLOS JAVIER,cra 23 nro 124-70 consultorio 601,"CARRERA 23 NRO 124-70, Bogotá, Colombia",,,False
317,HOSPITAL UNIVERSITARIO CLINICA SAN RAFAEL,CARRERA 8#17-44 SUR,"CARRERA 8#17-44 SUR, Bogotá, Colombia",4.563173,-74.1040589,True
321,HUGO ABEL AGUILAR VILLA,CALLE 127A No 7-19 CONSULTORIO 508A,"CALLE 127A # 7-19, Bogotá, Colombia",4.7042731,-74.0311395,True
328,INSTITUTO NACIONAL DE CANCEROLOGIA,Cl 1 No 9-85,"CALLE 1 # 9-85, Bogotá, Colombia",4.6056046,-74.1139919,True
330,IPS PACICARE CUIDADO DEL PACIENTE SAS - IPS PACICARE SAS,Cr 16 N° 84 a 09 Cn 514,"CARRERA 16 # 84 A 09 CN 514, Bogotá, Colombia",,,False
331,IPS SAN MARTÍN BOGOTÁ SAS,Cr 54 No. 3 28,"CARRERA 54 # 3 28, Bogotá, Colombia",4.7998605,-74.0462098,True
332,IPS SURA COUNTRY,CR 16 A NO. 84 - 05 PS 3 - 4- 5 y 7,"CARRERA 16 A # 84-05 PS 3-4-5 Y 7, Bogotá, Colombia",,,False
333,IPS SURA OLAYA BOGOTA,AK 14 # 26 A 79 SUR,"AVENIDA CARRERA 14 # 26 A 79 SUR, Bogotá, Colombia",4.5743166,-74.123384,True
334,IPS SURA PLAZA CENTRAL,CR 65 N° 11-50 LC 3-63,"CARRERA 65 # 11-50, Bogotá, Colombia",4.6298479,-74.11872,True
336,IPS UNIVERSITARIA DE COLOMBIA SAS,CL 34 # 5 - 89,"CALLE 34 # 5-89, Bogotá, Colombia",4.6204615,-74.0657031,True
337,IRAMIS MEJIAS RUIZ,CLL 119 NO. 7 - 14 CN. 809,"CALLE 119 # 7-14 CN. 809, Bogotá, Colombia",,,False
338,IVAN ADOLFO SANTOS GUTIERREZ,AVENIDA CALLE 116 23 05 CONSULTORIO 101,"AVENIDA CALLE 116 23 05, Bogotá, Colombia",4.6995646,-74.0715973,True
343,jaime orlando rojas jaimes,carrera 19 A # 82 -85 consultorio 611,"CARRERA 19 A # 82-85, Bogotá, Colombia",,,False
345,JAIRO ANTONIO ZALAMEA SILVA,Calle109 No. 18 C 17 Oficina 601,"CALLE109 # 18 C 17, Bogotá, Colombia",,,False
346,JAIRO RAMIRO ANGARITA MEDELLIN,CL 134 # 7 B 83 CS 421,"CALLE 134 # 7 B 83, Bogotá, Colombia",4.7114292,-74.0308949,True
347,JARALAMPOS GIAGTZIDAKIS MAKRI,CRA. 18 No.80-32 CS 206,"CARRERA. 18 # 80-32, Bogotá, Colombia",4.5993125,-74.088089,True
350,JAVESALUD TOBERIN,KR 19 B # 166 96,"CARRERA 19 B # 166 96, Bogotá, Colombia",4.5786222,-74.112671,True
353,JENNIFER VERA BOLIVAR,CALLE 134 # 7 - 83 CS 332 TORRE 3 PISO 3,"CALLE 134 # 7-83, Bogotá, Colombia",4.7423001,-74.1264243,True
354,JOAQUIN ALFREDO DIAZ GRANADOS ZUÑIGA,CRA 15 # 83-33 CS 301,"CARRERA 15 # 83-33, Bogotá, Colombia",4.5358888,-74.1371437,True
358,JORGE EDUARDO ARISTIZABAL GUTIERREZ,AK 9 # 117 20 CS 622,"AVENIDA CARRERA 9 # 117 20, Bogotá, Colombia",4.6874032,-74.0441125,True
360,JORGE ENRIQUE PEREA DONADO,Calle 98 No 9a-46 cons 701C,"CALLE 98 # 9A-46, Bogotá, Colombia",4.669339,-74.0217458,True
364,JORGE JOSE ECHEVERRY OTALVAREZ,DG 115 A No. 70 C -75 CASA 19 CS 1A,"DIAGONAL 115 A # 70 C-75, Bogotá, Colombia",,,False
365,Jorge Leonardo Gagliano Canessa,Calle 90 No 19 - 41 Oficina 504 Consultorio 2,"CALLE 90 # 19-41, Bogotá, Colombia",4.7313799,-74.1152784,True
368,JORGE LUIS SCARPETTA URIBE,AK 19 N 100 -28 PI 3,"AVENIDA CARRERA 19 # 100-28, Bogotá, Colombia",4.6315584,-74.0722752,True
369,JORGE MARIO GOMEZ IBAÑEZ,Calle 109 # 18 c 17 consultorio 314,"CALLE 109 # 18 C 17, Bogotá, Colombia",4.6920838,-74.0438279,True
371,JORGEN WILCKEN TORRES,CL 91 No. 19 C - 55 CS. 508/509,"CALLE 91 # 19 C-55, Bogotá, Colombia",4.5097807,-74.1479961,True
372,JOSE ALEJANDRO SUAREZ ANAYA,CL 124 Nº 7 - 38 CS 503,"CALLE 124 # 7-38, Bogotá, Colombia",4.7023287,-74.0381699,True
373,JOSE ALEXANDER MENDOZA MEDINA,CALLE 119 # 7-14 CONSULTORIO 620,"CALLE 119 # 7-14, Bogotá, Colombia",4.6971247,-74.0343114,True
377,JOSE ROLANDO PRADA MADRID,AK 9 # 116 20 CS 715,"AVENIDA CARRERA 9 # 116 20, Bogotá, Colombia",4.6874032,-74.0441125,True
379,JUAN CAMILO NOREÑA ATEHORTUA,AK 9 # 117 20 CONS 706,"AVENIDA CARRERA 9 # 117 20, Bogotá, Colombia",4.6874032,-74.0441125,True
382,JUAN CARLOS MARCIALES PARRA,CALLE 127 # 19 A-44 CONSULTORIO 601,"CALLE 127 # 19 A-44, Bogotá, Colombia",4.7285231,-74.1021337,True
385,JUAN DAVID TORO MORA,CALLE 90 # 19-41 OFC 203-1,"CALLE 90 # 19-41, Bogotá, Colombia",4.7313799,-74.1152784,True
387,JUAN MANUEL LAVERDE GUTIERREZ,CL 80 No 10-43 CONS. 203,"CALLE 80 # 10-43, Bogotá, Colombia",4.6637072,-74.0535983,True
391,Julian David Meneses Argalle,AC 134 NO 7B-83 CONSULTORIO 506,"AVENIDA CALLE 134 # 7B-83, Bogotá, Colombia",4.7127551,-74.032269,True
393,Julio Cesar Castañeda Zakzuk,Cra 16 # 106-21 cons 203,"CARRERA 16 # 106-21, Bogotá, Colombia",4.6123693,-74.0756681,True
395,KATRINA DUPLAT GUTIERREZ,Avenida Carrera 15 # 88 - 64 Piso 8 Consultorio 801,"AVENIDA CARRERA 15 # 88-64, Bogotá, Colombia",4.6945892,-74.0435765,True
398,LA FONT S.A.S.,Cra 16 N 86B 52 P 2 Of 202-203-204 P3 Area Quirurgica P4 Cs 1 y 2,"CARRERA 16 # 86B 52 P 2, Bogotá, Colombia",,,False
400,LAURA RIVERA OSORIO,CRA 16 # 84 A 09 CS 714. CENTRO MEDICO ALMIRANTE COLON,"CARRERA 16 # 84 A 09, Bogotá, Colombia",4.6919057,-74.0470056,True
405,L'ESSENCE BEAUTY CENTER SAS,CALLE 127 A 7 19 CONS 606-607,"CALLE 127 A 7 19, Bogotá, Colombia",4.7167351,-74.0910838,True
407,LICETH LORENA PATARROYO VILLALOBOS,AC 134 7 83 TORRE 4 CS 441 -1 Y 3,"AVENIDA CALLE 134 7 83, Bogotá, Colombia",4.7127551,-74.032269,True
408,LILIANA TELLO QUIJANO,CALLE 119 # 7-14 CONSULTORIO 620,"CALLE 119 # 7-14, Bogotá, Colombia",4.6971247,-74.0343114,True
409,LINA ALEJANDRA ABRIL CLAVIJO,calle 127 a 7 53 consultorio 4005,"CALLE 127 A 7 53, Bogotá, Colombia",4.7167351,-74.0910838,True
411,Lina Patricia Franco Chaparro,Av cra 19 # 102-53 Consultorio 520,"AVENIDA CRA 19 # 102-53, Bogotá, Colombia",4.6977924,-74.0501464,True
412,LISETTE MARIA MERCEDES BARRETO HAUZEUR,AK 9 # 116 20 CS 504,"AVENIDA CARRERA 9 # 116 20, Bogotá, Colombia",4.6874032,-74.0441125,True
413,LIZ CAROLINA PAVA BECERRA,AVENIDA CARRERA 19 Nº 108-45 OFICINA 402 CONSULTORIO # 3,"AVENIDA CARRERA 19 # 108-45, Bogotá, Colombia",4.6977924,-74.0501464,True
415,Luis Carlos Giovannetti Villegas,AV CALLE 26 # 69-76 TORRE 3 Piso 11 Oficina 1104 CS 1 y SP 1,"AVENIDA CALLE 26 # 69-76, Bogotá, Colombia",4.6540884,-74.103537,True
416,LUIS CARLOS LINARES SALAZAR,KR 16A # 82 - 46 CONSULTORIO 304,"CARRERA 16A # 82-46, Bogotá, Colombia",4.6190046,-74.0729013,True
417,LUIS CARLOS POSADA PEÑALOZA,Kra 17 No 89-31 Cons 605 B-C Edif GAIA,"KRA 17 # 89-31, Bogotá, Colombia",4.6533817,-74.0836331,True
419,LUIS EDUARDO BERMUDEZ RODRIGUEZ,AV 9 No. 116-20 PISO 9 CS 928,"AVENIDA 9 # 116-20, Bogotá, Colombia",4.627907,-74.1096242,True
420,LUIS EDUARDO NIETO RAMIREZ,Carrera 9 # 116-20 piso 9 consultorio 910 Edificio Asociacion Medica de los Andes-Fundacion Santa Fe,"CARRERA 9 # 116-20, Bogotá, Colombia",4.6051461,-74.0737641,True
422,Luis Octavio Tamayo Manrique,Cra. 16 # 82-74 consultorio 705,"CARRERA. 16 # 82-74, Bogotá, Colombia",4.6685962,-74.056494,True
424,LUZ ELENA MEJIA RENTERIA,KR 20 # 133 18 CS 204,"CARRERA 20 # 133 18, Bogotá, Colombia",4.5788559,-74.1139352,True
425,LUZ NIMIA CAMELO BARERRO,CL 127 A# 7-19 LC 301C,"CALLE 127 A# 7-19, Bogotá, Colombia",4.7167351,-74.0910838,True
426,LVB MEDICINA ESTETICA IPS SAS,AVENIDA 15 No. 100-69 Oficina 509,"AVENIDA 15 # 100-69, Bogotá, Colombia",4.6777958,-74.0514069,True
427,MANUEL ANDRES FERRO MORALES,AK 9 N° 127 C-60 CONS 211-4,"AVENIDA CARRERA 9 # 127 C-60, Bogotá, Colombia",,,False
428,MANUEL AUGUSTO SOLANO TRUJILLO,AK 9# 116-20 CS 309,"AVENIDA CARRERA 9# 116-20, Bogotá, Colombia",4.72027,-74.0325351,True
429,MANUEL SEVILLANO DELGADO,CL 79 Nº 18- 34 CS 501,"CALLE 79 # 18-34, Bogotá, Colombia",4.6785975,-74.0779699,True
431,MARCELA ARIAS RINCON,CL 119 No. 7 - 14 CS. 416,"CALLE 119 # 7-14, Bogotá, Colombia",4.6971247,-74.0343114,True
432,MARCELA SANCHEZ VARGAS,AC 127 No. 20 - 16 OF. 414,"AVENIDA CALLE 127 # 20-16, Bogotá, Colombia",4.7279261,-74.1008496,True
433,MARCELA VILLEGAS OJEDA,CARRERA 16 No 106 - 21 CS 307,"CARRERA 16 # 106-21, Bogotá, Colombia",4.6123693,-74.0756681,True
435,MARIA ALEJANDRA ALVAREZ DIAZ,CL 117# 6 A 60 CS 610,"CALLE 117# 6 A 60, Bogotá, Colombia",4.6938655,-74.0305743,True
436,MARIA ALEXANDRA BERNAL NIÑO,Calle 119 # 7 - 14 CS 823,"CALLE 119 # 7-14, Bogotá, Colombia",4.6971247,-74.0343114,True
438,MARIA BIBIANA MENDOZA TORO,CALLE 119 # 7- 14 CS 721,"CALLE 119 # 7-14, Bogotá, Colombia",4.6971247,-74.0343114,True
442,MARÍA CRISTINA LÓPEZ ASSMUS,KR 16 # 82 74 CS.602,"CARRERA 16 # 82 74, Bogotá, Colombia",4.6685962,-74.056494,True
444,MARIA LUCIA RIVEROS RUEDA,KR 7 BIS No. 124 - 56 CS 902,"CARRERA 7 BIS # 124-56, Bogotá, Colombia",4.7003765,-74.0295265,True
445,MARIA PAULA ARDILA DEL TORO,AK 9 No. 127 C - 60 CS 212-2 212-1,"AVENIDA CARRERA 9 # 127 C-60, Bogotá, Colombia",,,False
446,MARIA SOFIA PEDRAZA FORERO,KR 13 No. 49 - 40 CS 424,"CARRERA 13 # 49-40, Bogotá, Colombia",4.7262017,-74.0376504,True
447,MARIA SOFIA PEDRAZA FORERO,AC 127 # 21 - 60 CS 407,"AVENIDA CALLE 127 # 21-60, Bogotá, Colombia",4.706818,-74.0539581,True
449,Marilian Denise Ventura Perez,Calle 127 # 14 - 54 CS 306,"CALLE 127 # 14-54, Bogotá, Colombia",4.7293567,-74.1051666,True
450,MARIO ALEXANDER SANCHEZ MORENO,CL 125 20 59 CS 202 203,"CALLE 125 20 59, Bogotá, Colombia",4.7034704,-74.0443906,True
454,MARTHA MARCELA GOMEZ LICHT,KR 21 A# 124 55 CS 406-4,"CARRERA 21 A# 124 55, Bogotá, Colombia",,,False
458,MEJIA ORTIZ FABIO ANDRES,calle 98 No 9 a 46 Cs 502 consultorios B-1 Y B-2,"CALLE 98 # 9 A 46, Bogotá, Colombia",4.6801765,-74.0419833,True
463,MONICA MARIA RAMIREZ ARDILA,AK 19 # 95-20 cs 701,"AVENIDA CARRERA 19 # 95-20, Bogotá, Colombia",4.6315584,-74.0722752,True
467,NASHAO LA ARMONIA DEL SER,CALLE 134 N. 57 - 25,"CALLE 134 N. 57-25, Bogotá, Colombia",,,False
468,NATALIA KATHERINE MORENO ROZO,KR 7 BIS 124 - 56 CONS 605 -708,"CARRERA 7 BIS 124-56, Bogotá, Colombia",4.7003765,-74.0295265,True
471,NATURAL RENOVATION REJUVENECIMIENTO Y EQUILIBRIO SAS,Ak 15 No 124-30 Local 1-001 PISO 1,"AVENIDA CARRERA 15 # 124-30, Bogotá, Colombia",4.7031515,-74.0415826,True
472,NELSON FERNANDO CHAVES RINCON,"Cll 97 No. 23 37 CS 513,514","CALLE 97 # 23 37, Bogotá, Colombia",4.6874039,-74.0704674,True
475,NEXUS GROUP SAS,KR 14 A # 112 79 PI 1,"CARRERA 14 A # 112 79, Bogotá, Colombia",4.5378288,-74.1338049,True
477,NICOLAS MATIAS LEAL,AC 127 NO. 14 54 Oficina 403 GRADECO,"AVENIDA CALLE 127 # 14 54, Bogotá, Colombia",4.7279261,-74.1008496,True
478,NICOLAS RESTREPO SALAMANCA,Cra. 19 No. 84 - 17 Oficina 601 Consultorio 3,"CARRERA. 19 # 84-17, Bogotá, Colombia",4.6753831,-74.0563715,True
480,NORMA CONSTANZA CABALLERO GARZON,CRA 16 No. 82 74 Consultorio 708,"CARRERA 16 # 82 74, Bogotá, Colombia",4.6685962,-74.056494,True
481,NUARA SAS,"CALLE 122 # 22-49, PISO 1","CALLE 122 # 22-49, Bogotá, Colombia",4.7019063,-74.0498729,True
484,Omar Fernando Valderruten Bueno,cll 123 7A-17 consultorio 203,"CALLE 123 7A-17, Bogotá, Colombia",4.7018549,-74.0440727,True
487,OTOFON S.A.S,KR 7 No 119 14 CS 310,"CARRERA 7 # 119 14, Bogotá, Colombia",4.6959199,-74.0315095,True
488,OZ MEDICAL SAS,CALLE 93 # 14-55 PISO 7,"CALLE 93 # 14-55, Bogotá, Colombia",4.6763831,-74.0515104,True
490,PAULA ANDREA PEREZ FRANCO,AK 7 N° 127-48 LOCAL 1206 CN 2,"AVENIDA CARRERA 7 # 127-48, Bogotá, Colombia",4.6874862,-74.0351579,True
491,PEDRO FELIPE ROA VESGA,CRA 16 # 82 95 CONS 500-501,"CARRERA 16 # 82 95, Bogotá, Colombia",4.6690174,-74.056701,True
497,RAFAEL ALBERTO LOPEZ AVILA,CL 98 # 9 A 46 TO 3 CS 3,"CALLE 98 # 9 A 46, Bogotá, Colombia",4.6801765,-74.0419833,True
498,RAFAEL ALBERTO MESTRE MORENO,KR 14 # 127 11 CS 302,"CARRERA 14 # 127 11, Bogotá, Colombia",4.6714304,-74.0538352,True
501,RAFAEL PEREZ FRANCO,CARRERA 16 No 97-46 Cons 202 A,"CARRERA 16 # 97-46, Bogotá, Colombia",4.6123693,-74.0756681,True
502,RAMIRO HUERTAS MOTTA,CRA 9 # 116 20 CONS 609,"CARRERA 9 # 116 20, Bogotá, Colombia",4.5736821,-74.0948847,True
503,RAUL ESTEBAN SASTRE CIFUENTES,CRA 9 # 117 20 CONS 607,"CARRERA 9 # 117 20, Bogotá, Colombia",4.6051461,-74.0737641,True
507,RICARDO ANDRES BECERRA ANDRADE,Av Cra 19 # 102 -53 CS 520,"AVENIDA CRA 19 # 102-53, Bogotá, Colombia",4.6977924,-74.0501464,True
510,RICARDO LOMANTO DEL CASTILLO,CL 93 # 14 20 OF 512 consultorio 1,"CALLE 93 # 14 20, Bogotá, Colombia",4.676914,-74.0516832,True
511,RICARDO MARIO GALAN SUAREZ,KR 14 # 127 - 11 CONSULTORIO 404,"CARRERA 14 # 127-11, Bogotá, Colombia",4.5619248,-74.1312219,True
512,RICARDO PEÑA CORTES,AC 127 20 78 CS 520,"AVENIDA CALLE 127 20 78, Bogotá, Colombia",4.7279261,-74.1008496,True
513,RICARDO TOMAS MADIEDO CLAVIJO,CL 83 # 19 - 36 CONSULTORIO 602,"CALLE 83 # 19-36, Bogotá, Colombia",4.7206491,-74.1138885,True
514,RINCON ALMANZA MANUEL JAVIER,Calle 120A N° 7 - 05 / 2° piso.,"CALLE 120A # 7-05 / 2°, Bogotá, Colombia",,,False
517,RODRIGO FOCION SOTO PAREJA,CL 90 No. 19 A - 49 CS 502,"CALLE 90 # 19 A-49, Bogotá, Colombia",4.6764088,-74.0573791,True
519,RUBER ANDRES ALMANZA GARCIA,CL 119 No. 7 - 14 CS. 821,"CALLE 119 # 7-14, Bogotá, Colombia",4.6971247,-74.0343114,True
520,RUTH MYRIAM SALAMANCA RODRIGUEZ,AK 19 # 95-31/55 CS 206,"AVENIDA CARRERA 19 # 95-31/55, Bogotá, Colombia",,,False
526,SANDRA LILIANA SANTANA BALLESTEROS,CALLE 127 BIS No.19 25 CONS 303,"CALLE 127 BIS # 19 25, Bogotá, Colombia",4.7060944,-74.047107,True
529,SANDRA VIVIANA ORTEGA TREJOS,CRA 15 # 83-33 CS 306,"CARRERA 15 # 83-33, Bogotá, Colombia",4.5358888,-74.1371437,True
530,SANDRA XIMENA SILVA MONTOYA,AV CALLE 127 No 14-54 cons 514,"AVENIDA CALLE 127 # 14-54, Bogotá, Colombia",4.7279261,-74.1008496,True
533,SANTIAGO JOSE RUIZ GNECCO,Carrera 11 # 87-51 Oficina 302 Consultorio 1,"CARRERA 11 # 87-51, Bogotá, Colombia",4.6587106,-74.0579463,True
534,SANTIAGO MERCHAN CADAVID,CRA 16 # 84 A 09 CONS 310,"CARRERA 16 # 84 A 09, Bogotá, Colombia",4.6919057,-74.0470056,True
535,SARA CAMILA TORRES ARCINIEGAS,AVENIDA CARRERA 19 Nº 108-45 OFICINA 402 CONSULTORIO 4,"AVENIDA CARRERA 19 # 108-45, Bogotá, Colombia",4.6977924,-74.0501464,True
538,SERENYA IPS S.A.S.,CARRERA 18 80 32 PISO 2 CONSULTORIO 212,"CARRERA 18 80 32, Bogotá, Colombia",4.5989755,-74.088257,True
541,SILVIA GONZALEZ TOMASKOVICH,CALLE 90 NO 19 A-49 CONS 702,"CALLE 90 # 19 A-49, Bogotá, Colombia",4.6764088,-74.0573791,True
546,SOUL BY CALA,KR 11 # 84-09 LOCAL 22 PISO 1,"CARRERA 11 # 84-09, Bogotá, Colombia",4.7533401,-74.0331332,True
548,SUSANA GRAJALES GOMEZ,CALLE 124 # 7-38 consultorio 601,"CALLE 124 # 7-38, Bogotá, Colombia",4.7023287,-74.0381699,True
555,TATIANA MARIA LUNA PISCIOTTI,CALLE 117 # 6 A 60-OFICINA 501 A CONSULTORIO 1,"CALLE 117 # 6 A 60, Bogotá, Colombia",4.7002152,-74.0762376,True
556,TORRE 7-CPO,CARRERA 19 C SUR 24 67,"CARRERA 19 C SUR 24 67, Bogotá, Colombia",4.531522,-74.1503651,True
557,TOTAL DEFINER BEAUTY SPA,callle 93 N° 14-55 PISO 5,"CALLLE 93 # 14-55, Bogotá, Colombia",,,False
558,TOTAL DEFINER MEDICAL,AVENIDA CARRERA 15 83 33 PISO 2,"AVENIDA CARRERA 15 83 33, Bogotá, Colombia",4.668721,-74.0561702,True
560,TULIO FERNANDO TORRES FUENTES,calle 119 # 7-14 CS 721,"CALLE 119 # 7-14, Bogotá, Colombia",4.6971247,-74.0343114,True
561,UNIDAD CONSULTA EXTERNA CLÍNICA INFANTIL SANTA MARÍA DEL LAGO,CR 76 73 35,"CARRERA 76 73 35, Bogotá, Colombia",4.6920337,-74.0977941,True
563,UNIDAD DE SERVICIOS CALLE 26,AC 26 No 66 A 48,"AVENIDA CALLE 26 # 66 A 48, Bogotá, Colombia",4.6227774,-74.0781812,True
564,UNIDAD DE SERVICIOS CALLE 42,CL 42 # 13-19 TO A TO B,"CALLE 42 # 13-19, Bogotá, Colombia",4.6296448,-74.067189,True
567,UNIDAD DE SERVICIOS DE SALUD CARRERA 69 BLOQUE I,KR 69 # 47 34 TO A PI 1 PI 2 SALA TELESALUD,"CARRERA 69 # 47 34, Bogotá, Colombia",4.6749347,-74.0930409,True
578,UNIDAD MEDICA CECIMIN,"AK 45 104 76 PISO 1, PISO 4, PISO 5 Y PISO 6","AVENIDA CARRERA 45 104 76, Bogotá, Colombia",4.752134,-74.0462931,True
579,UNIDAD MEDICA ONCOLOGICA ONCOLIFE IPS SAS,AV Carrera 45 # 104A 87/91,"AVENIDA CARRERA 45 # 104A 87/91, Bogotá, Colombia",,,False
580,UNIDAD MÉDICA ONCOLÓGICA S.A.S.,"AK 45 NO. 106 30 CONS 610, 611, 612, 617, 620","AVENIDA CARRERA 45 # 106 30, Bogotá, Colombia",4.6938583,-74.0555222,True
581,UNIDAD MEDICA SANTAFE IPS CLL 95,"AK 45 # 95 81 PISO 1 CS 101, 102, 103, 104 Y PISO 2 COMPLETO","AVENIDA CARRERA 45 # 95 81, Bogotá, Colombia",4.6845716,-74.0581734,True
584,UNIMARLY,CRA 13 # 48 63,"CARRERA 13 # 48 63, Bogotá, Colombia",4.635971,-74.0662122,True
586,VANESSA VICTORIA RUBIANO BUITRAGO,CL 98 # 9 A 46 CS 301B,"CALLE 98 # 9 A 46, Bogotá, Colombia",4.6801765,-74.0419833,True
589,VIVA 1 A IPS CALLE 118,"CR 45 Nº 118 - 59 PISOS 1,2,3,4,5,6","CARRERA 45 # 118-59, Bogotá, Colombia",4.5699947,-74.1628096,True
590,VIVA 1A IPS AVENIDA EL DORADO,"AV Calle 26 No. 31 A - 35 PISOS 1,2,3,4,7","AVENIDA CALLE 26 # 31 A-35, Bogotá, Colombia",4.6211513,-74.0769648,True
