SEDE -NOMBRE;DIRECCION;TELEFONO;CORREO ELECTRÓNICO ;NATURALEZA;TIPO DE PRESTADOR;"213 - CIRUGÍA
PLÁSTICA Y
ESTÉTICA";369 - CIRUGÍA PLÁSTICA Y ESTÉTICA ;356 - OTRAS CONSULTAS DE ESPECIALIDAD ;397-MEDICINA ESTÉTICA ;
A&G SERVICIOS DE SALUD S.A.S;AC 127 # 71 96;7455901-7455902-7455905;gerencia@aygserviciosdesalud.com;Privada;Profesional Independiente;;;X;;
ADMINISTRADORA CLINICA LA COLINA SAS;CALLE 167 72 07 PISO 1,PISO 2 (EXCEPTO CONSULTORIOS 215 Y 216),PISO 3, PISO 4,PISO 5,PISO 6,PISO 7 Y PISO 8;6013905355;notificacionesclc@clinicadelcountry.com;Privada;Instituciones Prestadoras de Servicios de Salud - IPS;X;;;;
ADOLFO RICARDO GREGORIO ROSALES MALDONADO;CRA 16 # 84 A 09 CONS 620;6016217452;armaldonado63@hotmail.com;Privada;Profesional Independiente;;X;;;
Adriana Parra Gomez;CALLE 97 No 23 - 37 Cs 405, 406, 407;3192333244;adriana.parra@hotmail.com;Privada;Profesional Independiente;;;X;;
adriana piedad santofimio macias;Carrera 45 # 106-71 Oficina 304;3208522612;consultoriodraadrianas@gmail.com;Privada;Profesional Independiente;;X;;;
Adriana Ruiz Gonzalez;Calle 97 # 23 - 37 CONSULTORIO 520;3164371731 - 3158318596;adrianaruizcirugiaplastica@gmail.com;Privada;Profesional Independiente;;X;;;
Adriana Ximena Martinez Rojas;CRA 7A No. 123 - 23 OFICINA 6A;2151814/3166927883;adrianaxmartinezr@yahoo.com;Privada;Profesional Independiente;;X;;;
AESTHETIC MEDICAL SPA;KR 10 No. 96 - 25 CS 403;6160557;aestheticmedical1@gmail.com;Privada;Instituciones Prestadoras de Servicios de Salud - IPS;;X;;;
AG INSTITUTE CIRUGÍA PLÁSTICA, RECONSTRUCTIVA Y SALUD ESTETICA I.P.S. S.A.S;Carrera 7 BIS No 124 - 26 Oficina 201;7424270;contacto@alangonzalez.com;Privada;Instituciones Prestadoras de Servicios de Salud - IPS;;X;;;
Alberto Arevalo Garcia;KR 15 # 83 33 PISO 3 CS 302;3153306868;doctorarevalo@hotmail.com;Privada;Profesional Independiente;;X;;;
ALBERTO BERNARDO KOPEC POLISZUK;Carrera 19a No. 82-85 Consultorio 507;7953131 ext 5070;cirugiaestetica@yahoo.com;Privada;Profesional Independiente;;;X;;
ALDEMAR ALEXIS ROJAS GUZMAN;CL 134 No. 7 - 83 To 2 Pi 2 CS. 226;6017627374 - 3133929356;Aldemarrojasg@gmail.com;Privada;Instituciones Prestadoras de Servicios de Salud - IPS;;;X;;
ALEJANDRO AFANADOR MONTENEGRO;KR 16 # 84 A 09 CS 305;6217221;programacion@lanariz.com;Privada;Profesional Independiente;;X;;;
ALEJANDRO CHIAPPE DUARTE;CALLE 134 N 7-83 CONSULTORIO 254 P 5 T 2;3214093913;aleyoquia@gmail.com;Privada;Profesional Independiente;;;X;;
ALEJANDRO DUQUE RESTREPO;AK 19 # 95 31 CONSULTORIO 211;6232414- 6163241 Cel. 321-2084354;consultorio@dralejandroduque.com;Privada;Profesional Independiente;;X;;;
ALEJANDRO LASTRA GONZALEZ;CL 119 No. 7 - 14 CS 816;6375120 - 310 8595904;alejandrolastra@gmail.com;Privada;Profesional Independiente;;;X;;
alexander casallas sanchez;AK 9 NO. 127 C - 60 Cons. 212 1;3108706565 - 3228558850;alexandercasallas@hotmail.com;Privada;Profesional Independiente;;;X;;
ALEXANDRA MORA HERNANDEZ;CARRERA 16 No 84 A -09 CS 723;5302192/93 - 5301717 - 3176719261 - 3105583932;cosmedicalcoeac@hotmail.com;Privada;Profesional Independiente;;X;;;
Alfonso Rafael Lemaitre Soleiman;Carrera 7 # 119 - 14 CS 409;6120382 / 3124027734;lemaitredoc@hotmail.com;Privada;Profesional Independiente;;X;;;
alfonso suarez monsalve;Calle106 N0 56-76 Consultorio 502;3153493900-3103493900 o 6458493;asuarezmonsalve@yahoo.com;Privada;Profesional Independiente;;X;;;
ALIRIO ZARTA VERA;KR 16 # 84 A 09 CS 411;3186907983;aliriozarta@hotmail.com;Privada;Profesional Independiente;;;X;;
ALISSON ZARATE ARDILA;CARRERA 46 # 22 B - 20 OF 206;3175025216;alisson.zarate@gmail.com;Privada;Instituciones Prestadoras de Servicios de Salud - IPS;;;X;;
ALMO CARE S.A.S.;avenida carrera 19 Nº 108 - 45 oficina 402;3002601698;almocaresas@gmail.com;Privada;Instituciones Prestadoras de Servicios de Salud - IPS;;X;;;
ALVARO MAURICIO HERRERA CEPEDA;Calle 7A # 127 - 53 CS 6007;3112572242;cxplastica.6007@gmail.com;Privada;Instituciones Prestadoras de Servicios de Salud - IPS;;;X;;
AMANDA CECILIA DUQUE RAMIREZ;DG 115 A No. 70 C - 75 CASA 15 CS 4;3214810176 - 6016957858 - 6015938210 ext 3112;duqueamanda@yahoo.com;Privada;Profesional Independiente;;;X;;
AMAYA CLINIC PLASTIC SURGERY;AK 9 No. 116 - 20 Cs 220 - OF 224;3004864618;administracion@felipeamaya.com;Privada;Profesional Independiente;;;X;;
ANA LUCIA TERESA LUQUE HIGUERA;AV 19 No.102-53 CS-420;3176383763;analucialuque@hotmail.com;Privada;Profesional Independiente;;X;;;
ANA MARIA LEHMANN MOSQUERA;calle 119 # 7-14 cons 522;6291514-2143836;anamarialehmannmd@yahoo.com;Privada;Instituciones Prestadoras de Servicios de Salud - IPS;;;X;;
ANA MARÍA MONZÓN CASTIBLANCO;Calle 90 #19A -49 Consultorio 306-1;3158742317 -3017821729 - 3004301409;cirugiaplasticamonzon@gmail.com;Privada;Objeto Social Diferente a la Prestación de Servicios de Salud;;;X;;
Ana Maria Sastre Zuluaga;Calle 127 bis # 19 -25, consultorio 403, Edificio Imagen 127;3112781844;anamriasastre@hotmail.com;Privada;Profesional Independiente;;X;;;
ANDAR CALLE 80;AC 80 N 69 K 27;3103220823;coordinacion@ipsandar.com;Privada;Instituciones Prestadoras de Servicios de Salud - IPS;;X;;;
ANDREA DEL PILAR CARDONA OLMOS;AC 134 NUMERO 7-83 4 PISO 4 MD 442 EDIFICIO ALTOS DEL BOSQUE EDIFICIO ALTOS DEL BOSQUE;3102386611;ipsandreacardona@gmail.com;Privada;Profesional Independiente;;;;X;
ANDREA GALEANO CASTRO;CALLE 119 No 14-42 OF 401 A;(57-1) 6216355-3005696339;GALEANO.ANDREA@GMAIL.COM;Privada;Profesional Independiente;;;X;;
ANDREA HALLIDAY RUEDA;CALLE 119 No. 7-14 CS 802;2152854-3115328241;andreahallidayr@hotmail.com;Privada;Profesional Independiente;;;X;;
ANDREA LISETH TAVERA SANABRIA;AK 9 N° 127 C-60 CONS 212-1;3004850250;andreitat04@gmail.com;Privada;Profesional Independiente;;X;;;
Andres Camilo Gongora Rueda;CALLE 90 # 19A-49 CS 204 - 1;3215606108;andres_gongorar@hotmail.com;Privada;Profesional Independiente;;X;;;
ANDRES ESTEBAN JARAMILLO DEL RIO;AK 9 No. 127C - 60 CS 408 A;3214511595;esteban_jara@hotmail.com;Privada;Instituciones Prestadoras de Servicios de Salud - IPS;;;X;;
ANDRES FELIPE CASTRO DAZA;AK 7 N° 127-48 LOCAL 1206 CN 2;3232311668;c.plastica@drandrescastro.com;Privada;Profesional Independiente;;X;;;
ANDRES FERNANDO DURAN PINILLA;CALLE 98#9A-46 OFICINA 702C - CN 1 SP 1;3176489250;OPERACIONES@DRANDRESDURAN.COM;Privada;Profesional Independiente;;X;;;
ANDRES FERNANDO VALLEJO BALEN;KR 16 No. 84 A - 09 CS 722;4929807 - 7657740;dr.andresvallejo@gmail.com;Privada;Profesional Independiente;;;X;;
ANDRES MAURICIO NEIRA GRAJALES;KR 16 No. 84 A -09 CS 416;6217414;andmane@hotmail.com;Privada;Profesional Independiente;;X;;;
ANDRES PEREZ NIETO;CALLE 119 No 7-14 CONSULTORIO 814;6299551;SMACAFE2011@gmail.com;Privada;Profesional Independiente;;;X;;
ANGEL RODRIGO BELTRAN SIERRA;CL 127 A No 7-53 CS4006;2169817 / 3108502960;symetria.sas@gmail.com;Privada;Profesional Independiente;;X;;;
Angela Lucia Chamorro Fajardo;KR 15 # 88 64 CS 314;3102240452- 3155504666;angelachamorrof@gmail.com;Privada;Profesional Independiente;;;X;;
ANGELICA MARIA FRANCO CARDENAS;CALLE 127 BIS No. 19-25 EDIFICIO IMAGEN 127 OFICINA 313;3162225017;drafranco.cirugiaplastica@gmail.com;Privada;Profesional Independiente;;;X;;
ANIBAL JOSE LLANOS DE LA CRUZ;CARRERA 9 NUMERO 127 B-16 CONSULTORIO 308;3043589905;aniballlanos05@hotmail.com;Privada;Profesional Independiente;;;X;;
ANYELA FABIOLA TIQUE HILARION;Avenida Calle 26 # 69-76 Torre 3 CS. 1104;3202227412;anye0804@gmail.com;Privada;Profesional Independiente;;;;X;
ARTURO ALEJANDRO DENIZ Y MARTINEZ;CL 119 No. 7 - 14 CS. 513;3115442847;secretariadrdeniz@gmail.com;Privada;Profesional Independiente;;X;;;
ASISTIR SALUD SAS ENGATIVA;CL 64 G # 90 A 40;601 7441483 - 3187116815;direcciondecalidad@asistirsalud.com;Privada;Instituciones Prestadoras de Servicios de Salud - IPS;;X;;;
ASMEDAN;AV 1 MAYO # 34- 41;3155997385;rp.valle@grupoasmedan.com;Privada;Instituciones Prestadoras de Servicios de Salud - IPS;;X;;;
ASMEDAN SUBA;CALLE 139 Nº 101C - 06;3155997385;r.valle@grupoasmedan.com;Privada;Instituciones Prestadoras de Servicios de Salud - IPS;;X;;;
AURA IBETH RUIZ ROSAS;avenida carrera 19 Nº 108-45 oficina 402 CNS 5;3054430590;arlaser975@gmail.com;Privada;Profesional Independiente;;;;X;
AVEMI SAS;Cl 119 No 14-42 Cs 301-303-304;3204449827;admin@adrianavenegas.com;Privada;Instituciones Prestadoras de Servicios de Salud - IPS;;;;X;
BEATRIZ STELLA PEREZ DE GARAVITO;KR 13 A # 102 86 CS 301;6122605;corpolaser98@hotmail.com;Privada;Profesional Independiente;;X;;;
BEL MEDICINA SAS;CALLE 110 # 9 - 25 CONSULTORIO 601-1701;3188686761;ofertasbelmedicina@gmail.com;Privada;Instituciones Prestadoras de Servicios de Salud - IPS;;;;X;
Belaser Medicina Estetica Avanzada SAS;Ak 19 No 95 - 31 Ak 19 No 95 - 55 Of 610 - 611;3114405160;belasermed@gmail.com;Privada;Instituciones Prestadoras de Servicios de Salud - IPS;;;;X;
BERTHA JANNETH PARRA OSORIO;AV CALLE 127 No 14-54 cons 514;3085369;bjparrao@gmail.com;Privada;Profesional Independiente;;X;;;
BIENESTAR IPS SEDE CENTRO DE ESPECIALISTAS CORFERIAS;Cl 24 D # 40-13;6053854379 Ext. 1219;notificacionesjudiciales@zentria.com.co;Privada;Instituciones Prestadoras de Servicios de Salud - IPS;;;X;;
BODYINSTITUTE;CALLE 95 # 11A - 27 PISO 1 , 3 Y 4;3196796327;GERENCIA@BODYINSTITUTE.CO;Privada;Instituciones Prestadoras de Servicios de Salud - IPS;X;;;;
BOLIVAR SALUD IPS S.A.S SEDE CALLE 134;CALLE 134 # 7B-83 CONS 513;3571680;notificacionesips@saludbolivar.com;Privada;Instituciones Prestadoras de Servicios de Salud - IPS;;X;;;
BOLIVAR SALUD IPS S.A.S SEDE CARRERA 10;Carrera 10 # 16 -39 Mezzanine 106;3410077 ext 98079;notificacionesips@saludbolivar.com;Privada;Instituciones Prestadoras de Servicios de Salud - IPS;;X;;;
BOLIVAR SALUD IPS S.A.S SEDE METRÓPOLIS;AK 68 No. 75A 50 Locales 110A, 111A, 112A, 113A, 114A.;3208438460;lnotificacionesips@saludbolivar.com;Privada;Profesional Independiente;;;X;;
BOTOSHOP SEDE VIRREY;Cl 90 No. 18 59;304 5913697;info@botoshop.com;Privada;Instituciones Prestadoras de Servicios de Salud - IPS;;;;X;
BUKURE;CALLE 114 6 A 92 LOCAL D222;3202742703;IVESTMEDICALCENTER@GMAIL.COM;Privada;Instituciones Prestadoras de Servicios de Salud - IPS;;X;;;
CAMILO ANDRES CAÑAS MARTINEZ;Carrera 7 #127-48 oficina 1108 centro empresarial 128;3009895529;camilocanasm@gmail.com;Privada;Profesional Independiente;;X;;;
camilo andres mejia ortiz;Av Cra 19 # 102 - 53 CS 601;3045452580/3014676815;gruposaludarte@gmail.com;Privada;Profesional Independiente;;X;;;
CAMILO ANDRES NOSSA JARAMILLO;DG 115 A No. 70 C - 75 CASA 15 CS 4;3214810176 - 6016957858 - 6015938210 ext 3112;drcamilonossa@gmail.com;Privada;Profesional Independiente;;;X;;
CAMILO ENRIQUE ACOSTA GUERRERO;CL 98 #15-17 CS 508;9069019 / 3002171847;acostacami@gmail.com;Privada;Profesional Independiente;;X;;;
CAMILO HERNANDO SEPULVEDA PEÑA;CALLE 127 #20-16 OFICINA 210 EDIFICIO PLUSS 127;313 4474546;c_sepu@hotmail.com;Privada;Profesional Independiente;;X;;;
CAMILO JOSE PRIETO GARZON;KRA 16A 82-46 CS 307;3160509999;Camiloprieto181812@yahoo.com;Privada;Profesional Independiente;;X;;;
CANTIK CEDRITOS;CALLE 140 No. 11-45 CONS 603;3244484848;CANTIKCOLOMBIA@GMAIL.COM;Privada;Instituciones Prestadoras de Servicios de Salud - IPS;;;;X;
CANTIK CENTRO MAYOR;CALLE 38A SUR 34D 51 CENTRO COMERCIAL CENTRO MAYOR LOCAL LM01;3188686761;cantikcolombia@gmail.com;Privada;Instituciones Prestadoras de Servicios de Salud - IPS;;;;X;
CANTIK COLOMBIA SAS;CALLE 26 No. 69 D- 91 TORRE 2 CONS. 707;3209535256;cantikcolombia@gmail.com;Privada;Instituciones Prestadoras de Servicios de Salud - IPS;;;;X;
CARLOS ALBERTO ZULETA BECHARA;CARRERA 7 BIS # 124 - 26 CONSULTORIO 402 EDIFICIO AMC;3164742386;ZULETABECHARA10@HOTMAIL.COM;Privada;Profesional Independiente;;;X;;
Carlos Arturo Gonzalez Legarda;Calle 106 # 56 - 76 cons 303;3457227 - 3044722301;plasticagonzalez@yahoo.com.co;Privada;Profesional Independiente;;;X;;
Carlos Augusto Gross Rodriguez;Avenida Calle 116 No 9-72 Piso 5 cons 519;6200776-3138898486;consultoriodrgross@outlook.com;Privada;Profesional Independiente;;;X;;
Carlos Augusto Perez Romero;AK 9 # 127 B OF 306;3006602434;dr.carlosperezro@gmail.com;Privada;Profesional Independiente;;;X;;
Carlos David Aguana Monzon;Calle 90 # 19 A - 49 CS 602;3102913133;carlosaguana.10@gmail.com;Privada;Instituciones Prestadoras de Servicios de Salud - IPS;;;X;;
CARLOS DAVID GUTIERREZ MONTENEGRO;CRA 15 # 92 - 29 Oficina 301;3103149254;cdgutierrez.md@gmail.com;Privada;Profesional Independiente;;X;;;
CARLOS EDUARDO BOHORQUEZ ORTIZ;Cra 23 No. 124 - 87 Torre 1 CS. 701-3;3405849;carboplast@yahoo.com;Privada;Profesional Independiente;;;X;;
CARLOS EDUARDO LOPEZ VALDERRAMA;KR 19 C # 90 14 CS 407;6103738-6103488;infodoctorlopez@gmail.com;Privada;Profesional Independiente;;X;;;
CARLOS ERNESTO ARANGO TUMIÑA;CRA 15 # 84A-24 CONSULTORIO 207;5,76E+11;consulta@drcarlosarango.com;Privada;Profesional Independiente;;X;;;
CARLOS GERARDO CAMACHO MONCADA;Carrera 9 # 115-06 Consultorio 602;3187120345;gerencia@gerardocamacho.com;Privada;Profesional Independiente;;;X;;
CARLOS JOSE LACOUTURE ARMENTA;CRA 15 # 83-33 CS 301;3178533657;drcarloslacouture@gmail.com;Privada;Profesional Independiente;;X;;;
CARLOS JULIO DIAZ DAVILA;CL 91 19 C 62 CONSULTORIO 301 - 302;6017592377;carlosdiazplastica@hotmail.com;Privada;Profesional Independiente;;X;;;
CARLOS MAURICIO TASCON MUÑOZ;CALLE 134 N 7 - 83 TORRE 3 PISO 4 CS 342;316 5341381;info@drtascon.com;Privada;Profesional Independiente;;X;;;
CARLOS UBALDO BALCERO SERRANO;CL 83 # 19 36 CS 503;6185990;doctorcarlosbalcero@gmail.com;Privada;Profesional Independiente;;;X;;
CAROLINA LORDUY MARQUEZ;AV. CALLE 127 No. 19A - 28 Edificio ACOMEDICA I CS 602;3125128100;info@carolinalorduy.com;Privada;Instituciones Prestadoras de Servicios de Salud - IPS;;;X;;
CAROLINA PEÑA DIAZ;cra 16 # 106-21 consultorio 307;3208498766-7495722;caropediaz@hotmail.com;Privada;Profesional Independiente;;X;;;
CAROLL JOYCE MAY CORREA;CALLE 119 No 7-14 CONSULTORIO 809;3229484243;dra.carollmay@hotmail.com;Privada;Profesional Independiente;;;X;;
CATARINA LUCIA SAAVEDRA AREVALO;Carrera 7 bis # 124-64 Cons 1003;3002014061;drcatalu@gmail.com;Privada;Profesional Independiente;;;X;;
CATHERINE BARON CIFUENTES;CLL 127 Nº 20 - 16 CS 417;7599757 - 3016216113;catherine.baronc@gmail.com;Privada;Profesional Independiente;;;X;;
CELSO ERNESTO BOHORQUEZ ESCOBAR;DG 115 A # 70 C 75 CONSULTORIO 1 CASA 19;3152580700 - 6015938210 ext 2136;esteticaplastica@gmail.com;Privada;Instituciones Prestadoras de Servicios de Salud - IPS;;;X;;
CENTRO ADMINISTRATIVO Y ASISTENCIAL CM;CRA. 19C No. 91-08;6161799 EXT. 129;Elizabeth.Parada@QuironSalud.com;Privada;Instituciones Prestadoras de Servicios de Salud - IPS;;;X;;
Centro de Atención en Salud Cafam Calle 90;Carrera 17 N° 90 - 13;5550700 ext 12017-12015;calidadsalud@cafam.com.co;Privada;Instituciones Prestadoras de Servicios de Salud - IPS;;X;;;
Centro de Atención en Salud Cafam Clínica Calle 51;Calle 51 No. 15- 34;5550700 ext 12017-12015;calidadsalud@cafam.com.co;Privada;Instituciones Prestadoras de Servicios de Salud - IPS;X;;;;
Centro de Atención en Salud Cafam Clínica Calle 93;CL 93 # 19 B 77 y CL 93 # 19 B 95;5550700 Extensión 12017 - 12015;calidadsalud@cafam.com.co;Privada;Instituciones Prestadoras de Servicios de Salud - IPS;X;;;;
Centro de Atención en Salud Cafam Clínica Santa Bárbara;Avenida calle 127 # 16 A - 27;5550700 EXT 12017-12015;calidadsalud@cafam.com.co;Privada;Instituciones Prestadoras de Servicios de Salud - IPS;X;;;;
Centro de Atención en Salud Cafam Floresta;AK 68 No.90-88;5550700 ext 12017-12015;calidadsalud@cafam.com.co;Privada;Instituciones Prestadoras de Servicios de Salud - IPS;;X;;;
Centro de Atención en Salud Cafam Kennedy;CRA 78 K 37 A 53 SUR;5550700 ext 12017-12015;calidadsalud@cafam.com.co;Privada;Instituciones Prestadoras de Servicios de Salud - IPS;;;X;;
CENTRO DE BIENESTAR INTEGRAL CENTRO MAYOR;CL 38 A SUR # 34 D - 51 LC 1-134 PI 1 CS 101 AL 108 P2 CS 201 AL 226 PI 3 CS 301;601 4285088;gdentescontrolbogota@compensarsalud.com;Privada;Instituciones Prestadoras de Servicios de Salud - IPS;;X;;;
CENTRO DE CIRUGIA AMBULATORIA IPS LTDA;CALLE 89 A # 20 57;0;jhmoorep@gmail.com;Privada;Instituciones Prestadoras de Servicios de Salud - IPS;X;;;;
CENTRO DE DERMATOLOGIA Y CIRUGIA PLASTICA DEL COUNTRY S.A.S.;Calle 83 # 19 - 36 Cons 705;3134995687-3134994475;cmedica@cdc.com.co;Privada;Instituciones Prestadoras de Servicios de Salud - IPS;;X;;;
CENTRO DE ESPECIALISTAS MÉDICOS AXA COLPATRIA ALSACIA;Carrera 72 12 B 48 L2-101;6015111;calidad.vip@axacolpatria.co;Privada;Instituciones Prestadoras de Servicios de Salud - IPS;;X;;;
CENTRO DE REHABILITACION PARA NIÑOS CON LABIO Y PALADAR FISURADO - FISULAB;Calle 161 A N. 21-35;3146426;gerencia@fisulab.org;Privada;Instituciones Prestadoras de Servicios de Salud - IPS;;X;;;
CENTRO DE SALUD CIRUGIA ESTETICA AMBULATORIA;KR 48 # 122 - 28;2138331;naso_val@hotmail.com;Privada;Instituciones Prestadoras de Servicios de Salud - IPS;;X;;;
CENTRO DE SERVICIOS AMBULATORIOS - CLINICA LA COLINA;Carrera 67 # 167 61 Local 8,9,10,11,12,13 Consultorio 211,504, 505, 510-3, 515, 516, 517;6013905355;notificacionesclc@clinicadelcountry.com;Privada;Instituciones Prestadoras de Servicios de Salud - IPS;;X;;;
CENTRO DERMATOLOGICO FEDERICO LLERAS ACOSTA - E.S.E. SEDE CHAPINERO;CRA 14 A # 58 A - 29 Consultorios 1 - 6, toma de muestras, toma de signos vitales, salas de procedimientos, farmacia, cajas, centro de computo, cuarto de aseo, sala de espera y áreas administrativas;6019145360 ext. 2101;direccion@dermatologia.gov.co;Privada;Profesional Independiente;;;X;;
CENTRO DERMATOLOGICO GIOVANNI BOJANINI S.A.S;CR 11 No. 94 A-34 Local 6,7,8,9;6157820 - 3112032860;calidad@giovannibojanini.co;Privada;Profesional Independiente;;;X;;
CENTRO INTEGRAL DE CIRUGIA PLASTICA Y DERMATOPATOLOGIA IPS SAS;Avenida Carrera 9 116 20 Consultorio 618;3505935237;md.juanrocha@gmail.com;Privada;Instituciones Prestadoras de Servicios de Salud - IPS;;X;;;
CENTRO INTEGRAL DE INNOVACIÓN Y TECNOLOGÍA CLÍNICA ONKOS S.A.S;Diagonal 33 Bis A # 14 37;3208400 ext 290 - 3203037398;dianaespinosanarvaez@gmail.com;Privada;Instituciones Prestadoras de Servicios de Salud - IPS;;X;;;
CENTRO MEDICO COLMEDICA SEDE BELAIRE;CALLE 153 NO. 6-65 LOCAL L07 LC201 CC BELAIRE PLAZA ET II;3176551904 - 3212535796;NotificacionesJudiciales@umd.com.co;Privada;Instituciones Prestadoras de Servicios de Salud - IPS;;X;;;
CENTRO MEDICO COLMEDICA SEDE CEDRITOS;Cll 140 No. 11-45 Piso 9 Ofc 901 a la 921;3176551904 - 3212535796;NotificacionesJudiciales@umd.com.co;Privada;Instituciones Prestadoras de Servicios de Salud - IPS;;;X;;
CENTRO MEDICO COLMEDICA SEDE CHAPINERO;CR 7 No. 52-53;3176551904 - 3212535796;NotificacionesJudiciales@umd.com.co;Privada;Profesional Independiente;;;X;;
CENTRO MEDICO COLMEDICA SEDE COLINA CAMPESTRE;CALLE 151 N 54 - 15 ET II LC 21;3176551904 - 3212535796;NotificacionesJudiciales@umd.com.co;Privada;Instituciones Prestadoras de Servicios de Salud - IPS;;X;;;
CENTRO MEDICO COLMEDICA SEDE COUNTRY PARK;KR 18 N° 84 - 11 PISO 2 Y 3;3176551904 - 3212535796;NotificacionesJudiciales@umd.com.co;Privada;Instituciones Prestadoras de Servicios de Salud - IPS;;X;;;
CENTRO MEDICO COLMEDICA SEDE SALITRE CAPITAL;AC 26 No. 69C-03 T. A y T. B Ofc. 3-01 y 5-01;3176551904 - 3212535796;NotificacionesJudiciales@umd.com.co;Privada;Instituciones Prestadoras de Servicios de Salud - IPS;;X;;;
CENTRO MEDICO COLMEDICA ZAFIRO USAQUEN;CARRERA 7 120-20 LC 2-01 2-02 2-03;3176551904 - 3212535796;notificacionesjudiciales@umd.com.co;Privada;Profesional Independiente;;;X;;
CENTRO MEDICO COLSANITAS HORIZONTE;AC 127 20 78 LC 206, 207, LB, UN RAD;5940460;calidadclinica@colsanitas.com;Pública;Instituciones Prestadoras de Servicios de Salud - IPS;;;X;;
CENTRO MEDICO COLSANITAS PREMIUM CALLE 96;KR 14 96 22 / KR 14 96 08 P1, P2 INT 202,203 Y 204, P3, P4.;6466060 ext 5712052;dccubillos@colsanitas.com;Privada;Instituciones Prestadoras de Servicios de Salud - IPS;;X;;;
CENTRO MEDICO COLSANITAS PREMIUM LA CALLEJA;CL 127 # 20 16 PI 6 IN 2, IN 3, IN 4;6466060 ext 5712052;dccubillos@colsanitas.com;Privada;Instituciones Prestadoras de Servicios de Salud - IPS;;X;;;
CENTRO MÉDICO COLSUBSIDIO PLAZA DE LAS AMÉRICAS;Kr 71 D # 6-94 S Locales 1828 y 2818;7420100 ext. 76100;calidad.colsubsidio@colsubsidio.com;Privada;Instituciones Prestadoras de Servicios de Salud - IPS;;X;;;
CENTRO MEDICO COLSUBSIDIO USAQUEN;AK7 # 123 65 PI 3 - 4 - 5;6017420100;calidad.colsubsidio@colsubsidio.com;Privada;Instituciones Prestadoras de Servicios de Salud - IPS;;;X;;
CENTRO MEDICO PUENTE ARANDA;CALLE 14 No 62 - 04, Interior 1, Interior 2;6466060;calidadclinica@colsanitas.com;Privada;Instituciones Prestadoras de Servicios de Salud - IPS;X;;;;
CENTRO MÉDICO SEDE TORRE COLMÉDICA SANTA BÁRBARA;AK 45 NO. 122 - 96 Piso 1 Excepto Consultorios A y B - Piso 2 - Piso 4 - Piso 6 - Piso 7;3176551904 - 3212535796;NotificacionesJudiciales@umd.com.co;Privada;Instituciones Prestadoras de Servicios de Salud - IPS;;X;;;
Centro Nacional de Enfermedades Huerfanas y Linfedema IPS SAS CENEH IPS SAS;KR 16 # 82 29 CS 209;3104147-3002118222;secre@alejandromolinamd.com;Privada;Instituciones Prestadoras de Servicios de Salud - IPS;;X;;;
CENTRO ODONTOLOGICO COLMEDICA CALLE 84;CARRERA 18 # 84-06 PISO 7 CONSULTORIO 702;3176551904 - 3212535796;NotificacionesJudiciales@umd.com.co;Privada;Instituciones Prestadoras de Servicios de Salud - IPS;;;X;;
CENTRO POLICLINICO DEL OLAYA;KR 20 23 23 SUR;3612888;zayda.rodriguez@cpolaya.com.co;Privada;Instituciones Prestadoras de Servicios de Salud - IPS;X;;;;
CENTRO QUIRURGICO DE LA SABANA S.A - CIRUSABANA S.A;AK 7 # 119-14 CS 107, 213 AL 218, 329, 330, 425;2147420-3143954496;cirusabana@yahoo.com;Privada;Instituciones Prestadoras de Servicios de Salud - IPS;X;;;;
CESAR FERNANDO AVILA MEDINA;CRA 7A No. 123 - 23 OFICINA 6A;2151814/3163703382;cafam73@gmail.com;Privada;Profesional Independiente;;X;;;
CESAR GONZALEZ DERMATOLOGIA CLINICA Y ESTETICA;Ac 26 #68 C-61 Of 805 Edificio Torre Central;3165295870;angie.lafrancol@hotmail.com;Privada;Instituciones Prestadoras de Servicios de Salud - IPS;;;;X;
CESAR MAURICIO LINARES GARZON;CALLE 62 # 21 44 CONSULTORIO 3;3471017-3158988105;dr.mauriciolinaresml@hotmail.com;Privada;Profesional Independiente;;X;;;
CFZ MEDICINA ESTETICA SAS;CARRERA 16 # 88 - 81 Cons 310 311;3175161902;administrador@carolinafelizzola.com;Privada;Instituciones Prestadoras de Servicios de Salud - IPS;;;;X;
CHRISTIAN ANDRES RUIZ GARCIA;KR 15 # 88 64 CS 204 edificio torre zimma;3015176341;christianruizorl@hotmail.com;Privada;Instituciones Prestadoras de Servicios de Salud - IPS;;;X;;
CIENCIA Y ESTETICA CIRUGIA PLASTICA;AK 45 # 118 86 PI 7;6473777;contadorcienciayestetica@hotmail.com;Privada;Instituciones Prestadoras de Servicios de Salud - IPS;;X;;;
CIRUGIA AMBULATORIA LA COLINA 122;Ak 45 # 122 - 96 Piso 5;6013905355;notificacionesclc@clinicadelcountry.com;Privada;Instituciones Prestadoras de Servicios de Salud - IPS;X;;;;
CIRUGÍA PLÁSTICA LA CASTELLANA S.A.S.;CARRERA 45 A N° 95 - 57;7552894 - 3117720477;mariacarrillo9802@hotmail.com;Privada;Instituciones Prestadoras de Servicios de Salud - IPS;X;;;;
CIRULASER ANDES S.A;Avenida Carrera 9 # 116 20 Local108 Cs 301, 301A, 301B,301C;6373911 - 3202336309;gerenciacirulaser@gmail.com;Privada;Instituciones Prestadoras de Servicios de Salud - IPS;X;;;;
CIRUPLASTIA - DRS. MONROY I.P.S. S.A.S.;AK 15 92 29 OF 802 PI 1;3142997288;doctormonroy@ciruplastia.com;Privada;Instituciones Prestadoras de Servicios de Salud - IPS;;X;;;
CLARA CATALINA MORALES RAMIREZ;AV 19 No. 102-53 CS-420;315 8312188;catalinamoralesplastica@gmail.com;Privada;Profesional Independiente;;X;;;
CLARA NATALIA PEDRAZA BORRERO;CL 119 No. 7 - 14 CS. 416;3154898519;draclarapedraza@gmail.com;Privada;Profesional Independiente;;X;;;
CLARA YAZMIDA PINZON NAVARRETE;#N/D;3057452972;ciruplastik@yahoo.com;Privada;Profesional Independiente;;X;;;
CLAUDIA ALEJANDRA ORTEGA CANAVAL;Calle 7A # 127 - 53 CS 6007;3157849091;cxplastica.6007@gmail.com;Privada;Instituciones Prestadoras de Servicios de Salud - IPS;;;X;;
CLAUDIA ALICIA BERNAL MELO;KR 8 Nº 49-25 CS 409;2859102;cbernalmelo@yahoo.com;Privada;Profesional Independiente;;;X;;
CLAUDIA MARCELA CLAVIJO RODRIGUEZ;AK 45 # 104 76 CS 303;6002555-3153057238;cmclavijo@hotmail.com;Privada;Profesional Independiente;;X;;;
Claudia Marcela Restrepo Bernal;CALLE 127 N. 19A-44 Consultorio 410 Acomédica II;3173030993;restrepoclaudia@hotmail.com;Privada;Profesional Independiente;;X;;;
CLAUDIA PATRICIA NIETO GONZALEZ;Calle 127A Nº 7 -53 CS 3007;7495305 - 3153346816;cnietog1@gmail.com;Privada;Profesional Independiente;;X;;;
CLINICA 134 SAS;Av Calle 134 # 7 - 83 Cs 311 - 312 Torre 3 Piso 1 Md 2;7456556;administracion@clinica134.net;Privada;Instituciones Prestadoras de Servicios de Salud - IPS;X;;;;
CLINICA AVELLANEDA HERNANDEZ S.A.S.;CL 106 # 17 45;601-6293045 - 3168762929;asisgerencia@clinicaavellaneda.com - gerencia@clinicaavellaneda.com;Privada;Instituciones Prestadoras de Servicios de Salud - IPS;;X;;;
CLÍNICA AZUL;KR 49 D # 91 33, piso 1,3,4,5,6,7,y 2 ala Norte;3184871071;calidadca@clinicaazul.co;Privada;Instituciones Prestadoras de Servicios de Salud - IPS;X;;;;
CLINICA BELLATRIZ COUNTRY;Cra 19 # 84 - 17 Piso 6 7 y 8;3216468458;contabilidad@bellatriz.com;Privada;Instituciones Prestadoras de Servicios de Salud - IPS;;X;;;
CLÍNICA BTS S.A.S.;CR 19 NO 89-36 PISO 2 , 3 ZONA A , 4;3126009800;NOTIFICACIONES@BTSCLINICS.COM;Privada;Instituciones Prestadoras de Servicios de Salud - IPS;X;;;;
CLINICA CEREN CALLE 13;KR 35 # 13 13;3819775-3177006944;caroguzman_ps@yahoo.com;Privada;Profesional Independiente;;;X;;
CLÍNICA COLOMBIANA DE CIRUGÍA PLÁSTICA S.A.S;AVENIDA CARRERA 45 N° 103B - 59 Piso 1;7028510 - 3103005134;ccdecirugiaplastica@gmail.com;Privada;Instituciones Prestadoras de Servicios de Salud - IPS;X;;;;
CLINICA COLOMBIANA DE OBESIDAD Y METABOLISMO SAS;CARRERA 23 # 124-87 TORRE 1 CONSULTORIO 803,804, 805,806 EDIFICIO TORRE ZENTAI;9278731-3158739927-3183059495;direccioncomercial@clinicaobesidad.com;Privada;Instituciones Prestadoras de Servicios de Salud - IPS;;X;;;
CLINICA COLSUBSIDIO CALLE 100;AC 100 # 23 - 59;7457783 Ext 73959/73957;calidad.colsubsidio@colsubsidio.com;Privada;Instituciones Prestadoras de Servicios de Salud - IPS;X;;;;
CLINICA COLSUBSIDIO CIUDAD ROMA;CALLE 53 SUR # 79 D 71;7420100 Ext. 74439;calidad.colsubsidio@colsubsidio.com;Privada;Instituciones Prestadoras de Servicios de Salud - IPS;X;;;;
CLINICA CORPOLASER;KR 13 A No 102 86;6122605;corpolaser98@hotmail.com;Privada;Instituciones Prestadoras de Servicios de Salud - IPS;X;;;;
CLINICA CUABAL SAS;CALLE 71 N° 17-11 (PISO 1);3016199071;clinicacuabalsas@gmail.com;Privada;Instituciones Prestadoras de Servicios de Salud - IPS;;X;;;
CLÍNICA DE CIRUGÍA PLÁSTICA CERO DOLOR S.A.S.;AK 45 102 A 03;7027027/3023055895/3012137377;dr.francoalmenarez@hotmail.com;Privada;Instituciones Prestadoras de Servicios de Salud - IPS;X;;;;
CLINICA DE CIRUGIA PLASTICA DR YESID MARTINEZ LTDA;KR 58 # 128 04;3157846890;clinicadoctoryesidmartinez@hotmail.com;Privada;Instituciones Prestadoras de Servicios de Salud - IPS;X;;;;
CLINICA DE ESPECIALIDADES QUIRURGICAS S.A.S;CL 50 # 15 46 PI 1;3014450158 - 3012224375;clinicadeespecialidadesqx@gmail.com;Privada;Instituciones Prestadoras de Servicios de Salud - IPS;X;;;;
CLINICA DE LA MUJER;KR 19 C # 91 17;6161799- 3506005706;Elizabeth.Parada@QuironSalud.com;Privada;Instituciones Prestadoras de Servicios de Salud - IPS;X;;;;
CLINICA DE MARLY;CL 50 # 9 67;3436600;cmarly@clinicademarly.com.co;Privada;Instituciones Prestadoras de Servicios de Salud - IPS;X;;;;
CLÍNICA DE OJOS CLINOJOS;AK 45 # 95 54;6512121 EXT 203;calidad@clinojos.com;Privada;Profesional Independiente;;;X;;
CLINICA DE ORTOPEDIA Y ACCIDENTES LABORALES;Calle 6 A # 70 - 06;0;gerenciasmo@coal.clinic;Privada;Instituciones Prestadoras de Servicios de Salud - IPS;;X;;;
CLINICA DEL COUNTRY - CENTRO DE DIAGNOSTICO;CR 18 N° 82 - 39 PI 2, 3 EXCEPTO CS 301, 4, 5, 8, 9 Y CS 604 A, 604 B Y 610;6013905099;notificacionescdc@clinicadelcountry.com;Privada;Instituciones Prestadoras de Servicios de Salud - IPS;;X;;;
CLINICA DEL COUNTRY IPS;CRA 16 # 82 57;6013905099;notificacionescdc@clinicadelcountry.com;Privada;Instituciones Prestadoras de Servicios de Salud - IPS;X;;;;
CLINICA DEL OCCIDENTE S.A.;AV DE LAS AMERICAS # 71 C 29;4254620 Ext 150;calidad@clinicadeloccidente.com;Privada;Instituciones Prestadoras de Servicios de Salud - IPS;X;;;;
CLINICA DEL SENO IPS LTDA;CRA 11 # 68 36;3174954942;notificaciones@clinicadelseno.com;Privada;Instituciones Prestadoras de Servicios de Salud - IPS;X;;;;
CLINICA DERMALINE LASER SAS;CARRERA 18 80 06 CONSULTORIO 421 - 422;6112845/6113904;clinicadermalinelaser@gmail.com;Privada;Instituciones Prestadoras de Servicios de Salud - IPS;;X;;;
CLINICA DERMATOLOGICA DERMEDIC SAS;CL 97 NO 23 37 OF 622;6017037969;dermedicsgsst@gmail.com;Privada;Instituciones Prestadoras de Servicios de Salud - IPS;;;;X;
CLINICA INFANTIL COLSUBSIDIO;CALLE 66 # 10 - 48;7467310 extensión 75210;calidad.colsubsidio@colsubsidio.com;Privada;Instituciones Prestadoras de Servicios de Salud - IPS;X;;;;
CLÍNICA INFANTIL SANTA MARÍA DEL LAGO;CL 73 A NO. 76 66;3406767;calidadclinica@colsanitas.com;Privada;Instituciones Prestadoras de Servicios de Salud - IPS;X;;;;
CLINICA INTERCIRUGIAS BOGOTA;Avenida Calle 127 17 A 91 PISO 1;3143332405;intercirugias@gmail.com;Privada;Instituciones Prestadoras de Servicios de Salud - IPS;X;;;;
CLINICA INTERNACIONAL DE CIRUGIA S.A.S;KR 17 No. 39B - 04;3142525781 3103849953 6969257;clinicainternacionaldecirugia@gmail.com;Privada;Instituciones Prestadoras de Servicios de Salud - IPS;X;;;;
CLINICA JOSE A RIVAS VIP;AK 19 N 100-28;5803939-3174051838;diradministrativa@clinicarivas.com;Privada;Instituciones Prestadoras de Servicios de Salud - IPS;X;;;;
CLINICA JUAN N CORPAS LTDA;KR 111 # 159 A 61;6865000 Ext.1060 - 3233103491;dir_calidad@clinicajuanncorpas.com;Privada;Instituciones Prestadoras de Servicios de Salud - IPS;X;;;;
CLINICA LA CAROLINA S.A.S;KR 14 # 127 11 PI 1 LC 3, P2, P4 CS 407;6581616 ext 711 - 2012;gerencia@clinicalacarolina.com.co;Privada;Instituciones Prestadoras de Servicios de Salud - IPS;X;;;;
CLINICA LOS NOGALES SAS;Calle 95 N° 23-61;5937000 Ext: 2045 / 2036 Cel: 3014199316;notificacioneslegales@clinicanogales.com;Privada;Instituciones Prestadoras de Servicios de Salud - IPS;X;;;;
CLINICA LOYOLA;KR 19 A # 84 64;6168152;thcalidad@clinicaloyola.com.co;Privada;Instituciones Prestadoras de Servicios de Salud - IPS;X;;;;
CLINICA MANUELA;CLL 63B 77A 08;3248216810;gerencia@gestionmedicaensalud.com;Privada;Instituciones Prestadoras de Servicios de Salud - IPS;X;;;;
CLINICA MARCO MARTINEZ EU CLINICA SAN MIGUEL;CRA 7 C No. 124 - 52 primer piso;7031426 /56/62;info@marcomartinezestetica.com;Privada;Instituciones Prestadoras de Servicios de Salud - IPS;X;;;;
CLINICA MEDICAL S.A.S.;Calle 36 Sur No 77 - 33;4505200 3168757999;coor.calidad@clinicamedical.com.co;Privada;Instituciones Prestadoras de Servicios de Salud - IPS;X;;;;
Clinica Medicentro Familiar sede Suba;Carrera 94B No 132A-65;3108077965;lidercalidad@clinicamedicentrofamiliar.com;Privada;Instituciones Prestadoras de Servicios de Salud - IPS;X;;;;
CLÍNICA NUBIA CÁRDENAS MEDICINA ESTÉTICA S.A.S. SIGLA CLÍNICA NCME S.A.S.;Cl 98 9 A 46 To 3 CS 201;3187353385;info@nubiacardenas.com;Privada;Instituciones Prestadoras de Servicios de Salud - IPS;;;;X;
CLINICA NUEVA;CL 45 F # 16 A 11;3274444 ext 515-530;calidad@clinicanueva.com;Privada;Instituciones Prestadoras de Servicios de Salud - IPS;;X;;;
CLINICA OBESIDAD Y ENVEJECIMIENTO SAS Sigla: CLOE;Cr 14 No. 105 A 91;3208269102;ipsobesidad@gmail.com;Privada;Instituciones Prestadoras de Servicios de Salud - IPS;;X;;;
CLÍNICA OFTALMOLÓGICA COLSUBSIDIO;Carrera 16 N° 75-73;7420100 EXT 73070;calidad.colsubsidio@colsubsidio.com;Privada;Instituciones Prestadoras de Servicios de Salud - IPS;;;X;;
CLINICA ONCOLIFE SEDE NORTE;Av Cra 45 # 103 59/65;3108095504;calidad1@oncolife.com.co;Privada;Instituciones Prestadoras de Servicios de Salud - IPS;X;;;;
CLINICA PALERMO;Calle 45 C No. 22-02;7454500;GestiondeCalidad@clinicapalermo.com.co;Privada;Instituciones Prestadoras de Servicios de Salud - IPS;X;;;;
CLINICA PALERMO CARRERA 23;Carrera 23 No. 45C- 31 Laboratorio Clinico Local 102- Unidad de Cirugia Ambulatoria Local 108- Unidad de Endoscopia Local 109- Consulta externa Locales 203A,204,205,206,206A,207,208,208A,209 y 210-Consulta Prioritaria Local 203 y 215 Consultorio 3;7454500;GestiondeCalidad@clinicapalermo.com.co;Privada;Instituciones Prestadoras de Servicios de Salud - IPS;;X;;;
CLINICA REINA SOFIA;Cra 21 127 03 / Ac 127 21 60 Cn 106 Al 111, 202, 203, 211, 214, 225, 316, 322, 324, 410 A Y B, 424;6466060 ext 5717528;calidadclinica@colsanitas.com;Privada;Instituciones Prestadoras de Servicios de Salud - IPS;X;;;;
CLINICA REINA SOFIA MEDICINA AVANZADA 125;KR 20 124 64;6466060 EXT: 5717528;calidadclinica@colsanitas.com;Privada;Instituciones Prestadoras de Servicios de Salud - IPS;X;;;;
CLINICA REINA SOFIA PEDIATRICA Y MUJER;Ac 127 No 20 - 56;6466060;calidadclinica@colsanitas.com;Privada;Instituciones Prestadoras de Servicios de Salud - IPS;X;;;;
Clínica Santa Mónica Sede Ambulatoria;AK 50 # 91 38 PISO 3;3222779385;calidadca@clinicaazul.co;Privada;Instituciones Prestadoras de Servicios de Salud - IPS;;;X;;
CLINICA UNIVERSITARIA COLOMBIA;Cl236646Int5Int4Cs201Al209,3P501,503,505Al507,509,703,704,706,708,710,714Al717,719Al723,725Al727,803,811,813,814,816A818,822A825,903,907,911,915,919A921,927,1004,1009,1013,1015Al1019,1103,1119,1121,1122,1203,1206,1209,1210,1214A12161218A1220122212251226;5948650;calidadclinica@colsanitas.com;Privada;Instituciones Prestadoras de Servicios de Salud - IPS;X;;;;
CLINICA VICTORIA;KR. 11 A N° 97- 55 PI 1;3205635512 3133142045;contabilidad.cm@hotmail.com;Privada;Instituciones Prestadoras de Servicios de Salud - IPS;X;;;;
CLINICA VIP CENTRO DE MEDICINA INTERNACIONAL;Calle 97#23-10 Excluye Consultorio 101;7442740-7452727;calidad.vip@axacolpatria.co;Privada;Instituciones Prestadoras de Servicios de Salud - IPS;X;;;;
CLINICAS JASBAN;AC 24 # 72 B 94;3143945985 - 4169570;administracion@jasban.com;Privada;Profesional Independiente;;;X;;
CLINICAS JASBAN;AC 127 # 71 B 94 P1;3143945985 - 2715252;administracion@jasban.com;Privada;Instituciones Prestadoras de Servicios de Salud - IPS;;;X;;
CLININORTE 161;Ac 161 16 C 39/51;3188604159;gerencia@clinicadeltrabajador.com;Privada;Instituciones Prestadoras de Servicios de Salud - IPS;X;;;;
COLOMBIA CIRUGIA PLASTICA SAS SIGLA COLCIRUGIA PLASTICA SAS;TV 24 # 53D-13;3143566723;COLCIRUGIAPLASTICA@GMAIL.COM;Privada;Objeto Social Diferente a la Prestación de Servicios de Salud;;;;X;
COLSUBSIDIO CLINICA 94;Carrera 45 No. 94-67;7420100 Ext. 10394 - 10383;calidad.colsubsidio@colsubsidio.com;Privada;Instituciones Prestadoras de Servicios de Salud - IPS;X;;;;
Complejo Internacional de Cirugia Plastica S A;Calle 124 Numero 7 38 PI 3 Y 4;7498205 - 3163074876;administracion@cicp.com.co;Privada;Instituciones Prestadoras de Servicios de Salud - IPS;X;;;;
CRISTIAN ALBERTO LIZARAZO PARAMO;Calle 140 # 11 - 45 Consultorio 613;3156550140 - 3173453047;calp1234@hotmail.com;Privada;Profesional Independiente;;;X;;
Crownlife sas;Cr 71 No. 127 - 11;3022460195;clinicacrownlife@gmail.com;Privada;Instituciones Prestadoras de Servicios de Salud - IPS;X;;;;
CRUZ ROJA COLOMBIANA SECCIONAL CUNDINAMARCA Y BOGOTA;AK 68 No 68 B 31;7460909;dsalud@cruzrojabogota.org.co;Privada;Instituciones Prestadoras de Servicios de Salud - IPS;;X;;;
CRUZ ROJA COLOMBIANA SECCIONAL CUNDINAMARCA Y BOGOTA SEDE ALQUERIA;Av. CRA. 68 No. 31 - 41 SUR;7460909;dsalud@cruzrojabogota.org.co;Privada;Instituciones Prestadoras de Servicios de Salud - IPS;;X;;;
CRUZ ROJA COLOMBIANA SECCIONAL CUNDINAMARCA Y BOGOTA SEDE NORTE;AC 134 NO. 7 B-41 PUERTA 2 Piso 1 y Piso 2, Excepto el Laboratorio Clínico y Toma de Muestras del Piso 1;7460909;dsalud@cruzrojabogota.org.co;Privada;Instituciones Prestadoras de Servicios de Salud - IPS;;X;;;
DANIEL CARDONA GANEN;CALLE 127 # 20-16 OFICINA 210 EDIFICIO PLUSS 127;3223510932;danielcardonag@hotmail.com;Privada;Profesional Independiente;;X;;;
DANIEL OSWALDO ALVAREZ RAMIREZ;KR 16 No. 84A - 09 CS. 411;315 3195317;dalvarezplastica@outlook.es;Privada;Profesional Independiente;;X;;;
Daniela Stephania Vaca Grisales;Calle 127 A # 7 - 19 CS 503 - 2 y - 3;3161002626;daniela.vaca.grisales@gmail.com;Privada;Profesional Independiente;;X;;;
Darío Alberto Burbano Guillén;calle 124 # 15-29 edificio Jorge Barón tv torre A consultorio 412;3173645122;drdarioburbano@gmail.com;Privada;Profesional Independiente;;;;X;
DARIO ALBERTO JURIS LOPEZ;CALLE 127 A 7-19 CS 301C;9261890;info@dariojuris.com;Privada;Profesional Independiente;;X;;;
DARIO FERNANDEZ LOAIZA;CALLE 127 #20-16 OFICINA 317 EDIFICIO PLUSS 127;3024386244;dariofernandezcp@gmail.com;Privada;Profesional Independiente;;X;;;
DAVID FERNANDO DUQUE ROPERO;calle 80 # 10 - 43 cons 506;6278279 - 6273199;info@davidduque.com;Privada;Profesional Independiente;;X;;;
DAYANA CAROLINA SUAREZ CARVAJAL;AV. 19 No.102-53 CS. 402;6221120 Ext.144/102 - 3004251484;daycaro258@hotmail.com;Privada;Profesional Independiente;;;;X;
DERMOESCULTURA SAS SIGLA HARKER Y LLOREDA;CALLE 127 A No. 7-53 CONSULTORIO DEL 2005 AL 2009;6193008-3166234562;admin@harkerlloreda.com;Privada;Instituciones Prestadoras de Servicios de Salud - IPS;;;X;;
DIANA DUSSAN CLINICA AVANZADA;calle 125 # 17 -21;6789657- 3213234399;clinicadianadussan@gmail.com;Privada;Profesional Independiente;;;X;;
Diana Marcela Diaz Lopez;Cra 7 Bis # 124 - 56 CS 903;3102165393;dianitad80@hotmail.com;Privada;Profesional Independiente;;;X;;
DIANNA ELVIRA RINCON RUBIANO;AK 19 #114-09 OOFICINA 201;3004310796;rincon_diana@hotmail.com;Privada;Profesional Independiente;;;X;;
DIEGO ANDRES DAVILA JIMENEZ;CL 124 7 38 CS 502;3108750755;drdiegocp@gmail.com;Privada;Profesional Independiente;;X;;;
DIEGO FERNANDO ARANGO ARDILA;AK 19 # 114 87 CS 108;3107698151;diegoarango.cirugiaplastica@gmail.com;Privada;Profesional Independiente;;;X;;
DIEGO HUMBERTO MOJICA MOJICA;CALLE 137 19-42 CONSULTORIO 202;3143156005;diego-mojica@hotmail.com;Pública;Instituciones Prestadoras de Servicios de Salud - IPS;;;X;;
DIEGO NICOLAS GUERRERO CACERES;Carrera 9 # 127C - 60 Consultorio 211-4 212-1;3125270254;plasticadrguerrero@gmail.com;Privada;Profesional Independiente;;;X;;
DIMITRIS RODRIGUEZ RAMIREZ;CALLE 124 # 7-35 CONSULTORIO 504;3015176341;drdimitrisrodriguez@gmail.com;Privada;Profesional Independiente;;X;;;
DOSE HEALTH & COSMETIC MEDICINE IPS SAS;Cl 117 No. 6 A 60 Cons 402;3186619358;gerencia@dosemedicine.com;Privada;Instituciones Prestadoras de Servicios de Salud - IPS;;X;;;
Dra. Luz Marina Díaz Medicina Estetica;KR 23 N 124 - 87 OF 202;6190865 - 6124457 - 6566460;notificaciones@draluzmarinadiaz.com;Privada;Instituciones Prestadoras de Servicios de Salud - IPS;;;;X;
DRS RENE PEDRAZA IPS SAS;AK 9 NO. 116 20 CS 517;3002034892;alejo14p@gmail.com;Privada;Instituciones Prestadoras de Servicios de Salud - IPS;;X;;;
DRS.PULIDO IPS SAS;Cr 49A # 93 - 23 P 1 Y P 2;3223260784;esteticadrs.pulido2021@gmail.com;Privada;Instituciones Prestadoras de Servicios de Salud - IPS;;X;;;
Edificio Ambulatorio FSFB Piso 1,3,4,5,7,8,10 y 11;Calle 119 # 7- 80 Piso 1, Piso 3 C: 301,302,303,304,305,306,307,308,309,310,316,317,318,319, Piso 4 C: 401,402,403,404,405,406,407,408,409,410, Piso 5 C:501,502,503,504,505,506,507,508,509,510,511,Piso 7, Piso 8, Piso 10 consultorio 1004, Piso 11.;6016030303;adriana.urrego@fsfb.org.co;Privada;Instituciones Prestadoras de Servicios de Salud - IPS;;X;;;
EDUARDO OROZCO DIAZ;CALLE 127 No.14-54 CS 514-1;3102981057;edozz80@gmail.com;Privada;Profesional Independiente;;;X;;
EDUARDO SOLANO GUTIERREZ;CRA 16 # 84 A 09 CONS 310;0;esgmd@yahoo.com;Privada;Profesional Independiente;;X;;;
EDWIN LEONARDO ROJAS ROJAS;KR 14 A No. 127 - 15 CS. 202;3143318483;unidadbellasam@gmail.com;Privada;Profesional Independiente;;X;;;
EINAR FERNANDO OQUENDO VILLACRES;KR. 16 A No. 82 - 46 CS. 404;3155643373;einaroq@hotmail.com;Privada;Profesional Independiente;;X;;;
EL INSTITUTO DE CÁNCER CARLOS ARDILA LÜLLE- ICCAL;Calle 120 A No. 7-86;6030303;andres.rodriguez@fsfb.org.co;Privada;Instituciones Prestadoras de Servicios de Salud - IPS;;;X;;
ELCY LUCILA PUELLO SOLANO;Calle 119#7-14 Cons 516 Edif Santa Ana Medical Center;3112317828;elcylup@gmail.com;Privada;Profesional Independiente;;;X;;
Elisa Victoria Santamaria Beltran;Cra 16 # 88 - 81 CS 805;3176366465;eli_beltran89@hotmail.com;Privada;Instituciones Prestadoras de Servicios de Salud - IPS;;;X;;
ELKIN MAURICIO SOLER LANDAZABAL;CARRERA 7A # 127- 84 CN 4004;318 7288461 - 3242521637;Drsolercirugiaplastica@gmail.com;Privada;Profesional Independiente;;X;;;
EMPRESA SOCIAL DEL ESTADO CENTRO DERMATOLOGICO FEDERICO LLERAS ACOSTA;AV 1 # 13 A 61;6019145360 ext. 2101;direccion@dermatologia.gov.co;Privada;Profesional Independiente;;;X;;
EMPRESA SOCIAL DEL ESTADO HOSPITAL UNIVERSITARIO DE LA SAMARITANA;CRA 8 # 0 29 SUR;4077075 ext 10702;gerencia@hus.org.co;Pública;Instituciones Prestadoras de Servicios de Salud - IPS;X;;;;
ENDOGER SAS;AC 127 14 54 OF 414B 415A 415B 416 417;7561601- 3204948707;ENDOGER@YAHOO.COM;Privada;Profesional Independiente;;;X;;
ERICA ZASKIA MENZE ROJAS;CALLE 127 #20-16 OFICINA 317 EDIFICIO PLUSS 127;3024386244;emenzecxplastica@gmail.com;Privada;Profesional Independiente;;X;;;
ERIK HERNANDO BUITRAGO GAVIRIA;CRA. 22 No. 100-24 CS 201;3011663712;erikbuitrago@yahoo.com;Privada;Profesional Independiente;;;X;;
ERIKA PAOLA GUTIERREZ RODRIGUEZ;CARRERA 13 A # 89 - 38 CS 301;3153677293;cirugiaplastica@draerikagutierrez.com;Privada;Profesional Independiente;;;X;;
ERNESTO MIGUEL ANDRADE CARRASCO;Cra 11 D # 119 - 21 Cs 203;3113314329;ea@ernestoandrade.com;Privada;Profesional Independiente;;;X;;
ES VITAL CENTER S.A.S;Ak 9 # 116-20 CS 502-518-520-708;3152573400;angelicadominguezduarte@gmail.com;Privada;Profesional Independiente;;;X;;
ESMEDICA CIRUPLASTICA SAS;CARRERA 19 A 90 - 13 CONSULTORIO 507;3123828881;ciruplastica10@gmail.com;Privada;Instituciones Prestadoras de Servicios de Salud - IPS;;X;;;
ESPECIALISTAS CIRUJANOS PLÁSTICOS S.A.S. SIGLA: ECIPLAST S.A.S;calle 120 A 7-05 piso M;3102948583;eciplast@gmail.com;Privada;Instituciones Prestadoras de Servicios de Salud - IPS;;X;;;
ETERNIA BY DR. CAMILO HENAO IPS S.A.S;CALLE 98 9 A 46 OFICINA 401;3154398052;DR.CAMILOHENAO@GMAIL.COM;Privada;Instituciones Prestadoras de Servicios de Salud - IPS;;X;;;
EUSALUD CLINICA DE TRAUMATOLOGIA Y ORTOPEDIA;KR 78 # 3 A 40;4320872;calidad.proceso@eusalud.com;Privada;Instituciones Prestadoras de Servicios de Salud - IPS;X;;;;
EVOLUTION MEDICAL CENTER SAS;CARRERA 11 D N 119-21;2139564 - 2136058;gerencia@evolution.com.co;Privada;Instituciones Prestadoras de Servicios de Salud - IPS;X;;;;
FABIAN ANDRES OROZCO RODRIGUEZ;CARRERA 49 # 93 -60 Consultorio 8;3188802502;fabioorozco132@gmail.com;Privada;Profesional Independiente;;X;;;
FABIÁN RODRIGO CUEVAS NAVARRETE;CALLE 50 # 8-24, CONSULTORIO 702;3100884;plastica@fabiancuevasmd.com;Privada;Profesional Independiente;;;X;;
FABIO CAMPO SAAVEDRA;CL 98 N° 9 A-32 PI 9 TORRE 3 CONSU 901 A;3204909000 - 3102104062;fabiocampocirugiaplastica@gmail.com;Privada;Instituciones Prestadoras de Servicios de Salud - IPS;;;X;;
FALCK HOMECARE;AK 68 D #18 - 30 Interior 3;6017452026-3015997382;falckhomecare@falck.co;Privada;Instituciones Prestadoras de Servicios de Salud - IPS;;X;;;
FEDERICO VARGAS MEJIA;Carrera 16 # 88-81/93 Consultorio 408;3176383066 - 3153898081;fvargas83@yahoo.com;Privada;Profesional Independiente;;X;;;
felipe castro esguerra;CL 97 # 23 37 CS 405, 406, 407;3192333244;felicastro@gmail.com;Privada;Profesional Independiente;;;X;;
FELIX HERNANDO BECERRA CAMARGO;Calle 126 No. 7-26 oficina 207;3142956370;faceplastic@gmail.com;Privada;Instituciones Prestadoras de Servicios de Salud - IPS;;;X;;
Felix Raffet Duran Gonzalez;AK 19 # 114 -65 CS 214;3176488594;cirugiaplasticadr.duran@gmail.com;Privada;Profesional Independiente;;;X;;
FEREST SALUD IPS SERVICIOS AMBULATORIOS;CALLE 63 SUR # 72 - 08;3114741838 - 3164964198;GERENCIAL@FERESTSALUDIPS.COM;Privada;Instituciones Prestadoras de Servicios de Salud - IPS;X;;;;
FERNANDO ANTONIO MUNAR GONZALEZ;TRANS 59 No 104B -86 CONS 704;6091709/3103342386;femunar@hotmail.com;Privada;Profesional Independiente;;X;;;
FERNANDO AUGUSTO ROMERO FLECHAS;Cra. 23 No. 124 - 87 Torre 1 CS. 701-3;3102489126;fearofle@hotmail.com;Privada;Instituciones Prestadoras de Servicios de Salud - IPS;;;X;;
FERNANDO VEGA MARTINEZ;Carrera 16 N° 84A-09 Consultorio 409;3103440713;asistentefernandovega@gmail.com;Privada;Profesional Independiente;;;X;;
FRANCISCO ALBERTO VELA CABRERA;Calle 127A # 7-19 CS. 413;3015176341;velita-89@hotmail.com;Privada;Profesional Independiente;;X;;;
FRANCISCO EMILIO ZAMBRANO GARCIA;CL 97 # 23 37 CS - 709- 715;3114998510;dr_francisco21@hotmail.com;Privada;Profesional Independiente;;X;;;
Francisco Jose Sales Puccini;CL 127 Nº 19A-28 CS 610;6256544-3106301608;Info@franciscosales.co;Privada;Profesional Independiente;;;X;;
FREDDY SANABRIA SCHARF;CALLE 119 No 7-14 cons 703;3167416191;jjsierran76@hotmail.com;Privada;Profesional Independiente;;X;;;
Fredy Alexander Murcia Torres;Cra 19 A No. 82-85 consultorio 709 Edificio Country Medical Center;3124175082 - 3207352642;fredymurcia@hotmail.com;Privada;Profesional Independiente;;X;;;
FREDY AUGUSTO HERNANDEZ LEON;CALLE 94 A # 13 - 08 CONSULTORIO 404;3107997689;fredyhernandezcirujanoplastico@gmail.com;Privada;Profesional Independiente;;;X;;
FUNDACION ABOOD SHAIO;DIAG 115 A # 70 C 75;2261025;direcciongeneral@shaio.org;Privada;Instituciones Prestadoras de Servicios de Salud - IPS;X;;;;
FUNDACIÓN CARDIOINFANTIL-INSTITUTO DE CARDIOLOGÍA;KR 13 B # 161-85 To H Pi1,2,3, To I Pi4 Cs 401, Pi5 Cs 501-502-503-504-508-509-510-511-512-513-514-515-516-517, Pi6 Cs 601-602-603-604-609-611-612-613-615-616-617-618, Pi7 Cs 709-711-712-713-714-716-717-718, Pi8 Cs 801-802-813, Pi10 Cs C01,Pi12 CI1-CI2;6672727 ext 53304;pcasallas@lacardiol.org;Privada;Instituciones Prestadoras de Servicios de Salud - IPS;;X;;;
FUNDACION DEL QUEMADO;CL 128 B # 59 B 20;6433318 - 2531223;subdireccionpril@fundaciondelquemado.org;Privada;Instituciones Prestadoras de Servicios de Salud - IPS;;X;;;
FUNDACION HOSPITAL DE LA MISERICORDIA;Avenida Carrera 14 No 1-65;3811970 EXT 227;lidercalidad@homifundacion.org.co;Privada;Instituciones Prestadoras de Servicios de Salud - IPS;;X;;;
FUNDACION HOSPITAL INFANTIL UNIVERSITARIO DE SAN JOSE;KR 52 # 67 A 71;4377540;direccion.general@hospitalinfantildesanjose.org.co;Privada;Instituciones Prestadoras de Servicios de Salud - IPS;X;;;;
FUNDACION HOSPITAL SAN CARLOS;KR 12D 32- 44 SUR;7443333;notificacionesjudiciales@fhsc.org.co;Privada;Instituciones Prestadoras de Servicios de Salud - IPS;;X;;;
FUNDACION OPERACION SONRISA COLOMBIA;CLL 90 # 19 C - 41;6210069 - 3115314720;cambogota@operacionsonrisa.org.co;Privada;Instituciones Prestadoras de Servicios de Salud - IPS;;X;;;
FUNDACION SANTA FE DE BOGOTA;CL 119 # 7 75;6030303 ext. 5105;adriana.urrego@fsfb.org.co;Privada;Instituciones Prestadoras de Servicios de Salud - IPS;X;;;;
Gabriel Antonio Lopez Caballero;AK 45 # 118 86 CONSULTORIO 205;6476563;doctorlopezcaballero@gmail.com;Privada;Profesional Independiente;;;X;;
GABRIEL HORACIO ALVARADO GARCIA;KR 14 # 127 11 CS 601;6581610;gabrielalvaradog@gmail.com;Privada;Profesional Independiente;;X;;;
GASTROSERVICIOS BOGOTÁ;Calle 127 Bis # 19 25 Oficinas 402, 408 Y 414;3192407437;gcarvajalm@hotmail.com;Privada;Instituciones Prestadoras de Servicios de Salud - IPS;;X;;;
GENER ALEJANDRO FAJARDO RUIZ;CRA 16 A #80-16 CS 206;5308606-3106093146;generf9@hotmail.com;Privada;Profesional Independiente;;X;;;
Geovanna Carolina Pinzon Bernal;AVENIDA 19 No. 114 - 65 Cons 207;6106742 / 3193157925;pinzoncarolina@hotmail.com;Privada;Profesional Independiente;;;;X;
GERMAN GUILLERMO ROJAS DUARTE;Avenida Kra 9 # 127B-16 CONS 409;3215385182;grojascxplastica@gmail.com;Privada;Profesional Independiente;;X;;;
German Paez Lopez;Calle 110 # 9-25 consultorio 602;6296220 ext 140/3214511850;germanpaezmedic@gmail.com;Privada;Profesional Independiente;;;X;;
GIOVANNY MERA CRUZ;Carrera 15 # 91 - 46 consultorio 302;3102667298 3123161475;infodrgiovannimera@gmail.com;Privada;Profesional Independiente;;;X;;
gloria adriana garcia espinosa;CALLE 127 NO. 19A 10 consultorio 301;3205596475;adrianagarciaespinoza25@gmail.com;Privada;Profesional Independiente;;;X;;
GLORIA ESPERANZA VALLEJO HENAO;KR 16 A # 80 65 CS 404;6111988;gvallejoh@yahoo.com;Privada;Profesional Independiente;;X;;;
GLORIA ORDOÑEZ NORIEGA;CL 91 # 19 C 55 CS 601;3176680078;glornor@hotmail.com;Privada;Profesional Independiente;;X;;;
GLORIA ZAMIRA YANINE NEIRA;CARRERA 16 No. 84A-09 CONSULTORIO 510;3138893609;zamirayanine@yahoo.com;Privada;Profesional Independiente;;;;X;
GONZALO MALLARINO RESTREPO;CALLE 127 # 20-16 OFICINA 210 EDIFICIO PLUSS 127;3106972865;mallarinomd@gmail.com;Privada;Profesional Independiente;;X;;;
GRUPO EMPRESARIAL JARBSALUD IPS S.A.S.;Calle 33 bis No. 15 - 64;4673216 - 7561334;jarbsalud.gerencia@gmail.com;Privada;Instituciones Prestadoras de Servicios de Salud - IPS;X;;;;
GUADALUPE MEDICAL CENTER MP CALLEJA;CALLE 127 BIS N° 19-25 OFICINA 202A-203-208 EDIFICIO IMAGEN;3174323587-3164537618;gerenciaguadalupe127@gmail.com - julioarboleda8@hotmail.com;Privada;Instituciones Prestadoras de Servicios de Salud - IPS;X;;;;
GUIAR SALUD IPS Y HSEQ S EN CS COLON;CL 3A # 53F 74 PI 1 Y 2;2603016-4206565-3103414647;guiarsaludips@gmail.com;Privada;Instituciones Prestadoras de Servicios de Salud - IPS;;;;X;
GUILLERMO ALFREDO USCATEGUI LUNA;CL 127 # 15-36 CS 132;6253848;guillousca@hotmail.com;Privada;Instituciones Prestadoras de Servicios de Salud - IPS;;;X;;
GUISELLA TERESA SERRANO DE SANTAELLA;AC 127 21 60 CN 422;6252166;dra.gserrano@gmail.com;Privada;Profesional Independiente;;X;;;
GZ Y ASOCIADOS S.A.S.;calle 127 A No. 7 - 53 Consultorios 7001-7002;3232348414;consult.plasticmd@gmail.com;Privada;Instituciones Prestadoras de Servicios de Salud - IPS;;X;;;
HAIDY LORENA VILLARRAGA DAZA;Carrera 18# 84-11 Consultorios SC 801;3104803801;info@hvillarraga.com;Privada;Profesional Independiente;;X;;;
Hannell Stefanía Saavedra Soler;Avenida Calle 127 No 20 - 16 Consultorio 418 Edificio Pluss 127;3212018742;hannellcirugiaplastica@gmail.com;Privada;Profesional Independiente;;X;;;
Héctor Ernesto Barbosa Landínez;CALLE 127 A No 7 - 19 OFICINA 305 CONSULTORIO 1;9277940 - 3102218640;consultoriodrbarbosa@gmail.com;Privada;Profesional Independiente;;X;;;
HECTOR GUILLERMO LEON HIGUERA;KR 19 A No. 82 - 85 CS. 614;7953131 EXT. 6140 - 3134434769;secredrhectorleon@gmail.com;Privada;Profesional Independiente;;X;;;
HENRIQUE DE LA PEÑA MARIN;Av. Calle 127 No 19A-28 , Consultorio 301;3102842115;henriquedelapena@gmail.com;Privada;Profesional Independiente;;;X;;
HENRY HUMBERTO CORTES BARRETO;Calle 124 N° 7-38 CS 801;7047149 3102887149;corteshenry@yahoo.com;Privada;Instituciones Prestadoras de Servicios de Salud - IPS;;;X;;
HERLEY AGUIRRE SERRANO;CRA 13 N° 49 -40 CONS 426 CLINICA DE MARLY;3436600 EXT 1437;haguirres@unal.edu.co;Privada;Profesional Independiente;;X;;;
HERMES LUJAN GAMBA BARBOSA;CLL 127 A # 7 - 19 CS206;3108822282;mei.cirugiacosmetica@gmail.com;Privada;Profesional Independiente;;X;;;
HERNAN AMARIS JIMENEZ;kra 15#83-33 CS 304;7463070- 6217465;hamaris@cirugiayestetica.com;Privada;Profesional Independiente;;;X;;
HERNAN YESID BAUTISTA JEREZ;AK 7 N° 127-48 CN 402-2;3158494092;heryes14@hotmail.com;Privada;Profesional Independiente;;;X;;
HERNANDO JOSÉ GONZALEZ GARCÍA;Carrera 23 No. 124-87 Consultorio 806 Torre 2;3116627720- 3214550579;drhernandogonzalez@hotmail.com;Privada;Profesional Independiente;;;X;;
HERNANDO PEREZ CAMARGO;AV CLL 24 No. 51-40 CONSULTORIO 416;4057520-4845075;drhernandoperezcirujano@hotmail.com;Privada;Profesional Independiente;;X;;;
HERRERA ERAZO CARLOS JAVIER;cra 23 nro 124-70 consultorio 601;6208143;javierherreracirugiaplastica@yahoo.es;Privada;Profesional Independiente;;X;;;
HINCAPIE MOLINA GUSTAVO ANDRES;Cra 13 No 78-47 piso 2;4793535-3158706725;info1.plastica@gmail.com;Privada;Instituciones Prestadoras de Servicios de Salud - IPS;;;X;;
Hospital de Bosa;Calle 73 Sur # 100 A - 53;6013849160;contactenos@subredsuroccidente.gov.co;Privada;Profesional Independiente;;;X;;
HOSPITAL MILITAR CENTRAL;TV 3C No 49-02 El Hospital Militar presta servicios en todas las áreas del edificio central, Imagenes diagnóstica y edificio Fe en la causa EXCEPTO en el cuarto piso norte y central donde funciona servicio de terapia renal RTS;3486868 ext: 3001/3002 3158653821;ayudantia@homil.gov.co;Pública;Instituciones Prestadoras de Servicios de Salud - IPS;X;;;;
Hospital Occidente de Kennedy;TV 74 F # 40 B 54 SUR;3849160;contactenos@subredsuroccidente.gov.co;Pública;Instituciones Prestadoras de Servicios de Salud - IPS;X;;;;
HOSPITAL UNIVERSITARIO BARRIOS UNIDOS-MEDERI;CL 66 A # 52 25;4855970 ext 6214;ana.ulloa@mederi.com.co;Privada;Instituciones Prestadoras de Servicios de Salud - IPS;X;;;;
HOSPITAL UNIVERSITARIO CLINICA SAN RAFAEL;CRA 8 # 17 45 SUR;7464714 EXT. 2740;direcciongeneral1@stewardcolombia.org;Privada;Instituciones Prestadoras de Servicios de Salud - IPS;X;;;;
HOSPITAL UNIVERSITARIO CLINICA SAN RAFAEL;CARRERA 8#17-44 SUR;7464714 EXT 2740;direcciongeneral1@ncsanrafael.com.co;Privada;Instituciones Prestadoras de Servicios de Salud - IPS;;X;;;
HOSPITAL UNIVERSITARIO MAYOR-MEDERI;CL 24 # 29 45;7055999 Ext 4140;ana.ulloa@mederi.com.co;Privada;Instituciones Prestadoras de Servicios de Salud - IPS;X;;;;
HOSPITAL UNIVERSITARIO NACIONAL DE COLOMBIA;CL 44 # 59 75;Fijo 3904888 Extensión 12703;corporacionsaludun@hun.edu.co;Privada;Instituciones Prestadoras de Servicios de Salud - IPS;X;;;;
HOSPITAL UNIVERSITARIO SAN IGNACIO;CRA 7 # 40 62;5946161;calidad@husi.org.co;Privada;Instituciones Prestadoras de Servicios de Salud - IPS;X;;;;
HUGO ABEL AGUILAR VILLA;CALLE 127A No 7-19 CONSULTORIO 508A;3154833319;gerencia@havplasticsurgery.com;Privada;Profesional Independiente;;X;;;
HUGO YESID BALAGUERA HERRERA;CALLE 127 A 7 53 CONSULTORIO 3001;3108096196;hubanet@hotmail.com;Privada;Instituciones Prestadoras de Servicios de Salud - IPS;;;X;;
INSTITUTO DE CIRGUGIA PLASTICA FACIAL, CORPORAL Y OTORRINOLARINGOLOGIA IPS SAS SIGLA ICONO IPS SAS;AK 30 No. 42-06 PISO 1;3124542992;iconoips@gmail.com;Privada;Profesional Independiente;;;X;;
Instituto de Oncologia y Medicina Especializada del Occidente IOMED;Calle 5 C No. 71 C 59;4254620;calidad@clinicadeloccidente.com;Privada;Instituciones Prestadoras de Servicios de Salud - IPS;;;X;;
INSTITUTO DE ORTOPEDIA INFANTIL ROOSEVELT;CRA 4 ESTE # 17 50 AV CIRCUNVALAR;3534000 Ext. 382 -378;jzapata@ioir.org.co;Privada;Instituciones Prestadoras de Servicios de Salud - IPS;X;;;;
INSTITUTO DE ORTOPEDIA Y CIRUGIA PLASTICA SAS;AK 19 # 114 87 piso 1 y 2 local 4;0;PACIENTESIOCP@HOTMAIL.COM;Privada;Instituciones Prestadoras de Servicios de Salud - IPS;X;;;;
INSTITUTO MEDICO DE ESPECIALISTAS CLINICA DE ESPECIALISTAS CENTROODONTOLOGICO;AV CARACAS # 30 51;3124354990;calidad@mascercadeusted.com-clinicadeespecialistas2005@yahoo.es;Privada;Instituciones Prestadoras de Servicios de Salud - IPS;X;;;;
INSTITUTO NACIONAL DE CANCEROLOGIA;Cl 1 No 9-85;0913905012 Ext. 2000 - 2001;direccion@cancer.gov.co;Pública;Instituciones Prestadoras de Servicios de Salud - IPS;;X;;;
INSTITUTO NACIONAL DE OFTALMOLOGIA S.A.;CALLE 127A N° 7-53 CS 5001 5002 5003 5004 5005 5006;6017441989 - 3118767155;gerencia@inocolombia.com;Privada;Instituciones Prestadoras de Servicios de Salud - IPS;X;;;;
IPS PACICARE CUIDADO DEL PACIENTE SAS - IPS PACICARE SAS;Cr 16 N° 84 a 09 Cn 514;3203402643;gloriasuarez893@gmail.com;Privada;Instituciones Prestadoras de Servicios de Salud - IPS;;X;;;
IPS SAN MARTÍN BOGOTÁ SAS;Cr 54 No. 3 28;3176577283;admon.ipsanmartin@gmail.com;Privada;Instituciones Prestadoras de Servicios de Salud - IPS;;X;;;
IPS SURA COUNTRY;CR 16 A NO. 84 - 05 PS 3 - 4- 5 y 7;6214541 / 3164625445;rqext@suramericana.com.co / gpgonzalez@sura.com.co;Privada;Instituciones Prestadoras de Servicios de Salud - IPS;;X;;;
IPS SURA OLAYA BOGOTA;AK 14 # 26 A 79 SUR;3178528626;rqext@suramericana.com.co / gpgonzalez@sura.com.co;Privada;Instituciones Prestadoras de Servicios de Salud - IPS;;X;;;
IPS SURA PLAZA CENTRAL;CR 65 N° 11-50 LC 3-63;3178528626;rqext@suramericana.com.co / gpgonzalez@sura.com.co;Privada;Instituciones Prestadoras de Servicios de Salud - IPS;;X;;;
IPS SURA SANTA BARBARA;AK 19 123 52;4824601 / 3164625445;rqext@suramericana.com.co / gpgonzalez@sura.com.co;Privada;Profesional Independiente;;;X;;
IPS UNIVERSITARIA DE COLOMBIA SAS;CL 34 # 5 - 89;3108731876;ipsuniversitariadecolombia@gmail.com;Privada;Instituciones Prestadoras de Servicios de Salud - IPS;;X;;;
IRAMIS MEJIAS RUIZ;CLL 119 NO. 7 - 14 CN. 809;3103062436;iramismejias@hotmail.com;Privada;Profesional Independiente;;X;;;
IVAN ADOLFO SANTOS GUTIERREZ;AVENIDA CALLE 116 23 05 CONSULTORIO 101;6373900 - 3153359980;contabilidad@ivansantos.com;Privada;Profesional Independiente;;X;;;
IVAN CARVAJALINO DUQUE;AVENIDA CARRERA 9 No 127B-16 - CONSULTORIO 411 - EDIFICIO MEDICAL CENTER SIGLO XXI;3099787 - 3174424907;rejuvenezcasincirugia@gmail.com;Privada;Profesional Independiente;;;X;;
Jaime Alfonso Covaleda Herrera;Calle 59 A Bis # 5-53 consultorio 204;3104994;jaimecovaleda@hotmail.com;Privada;Instituciones Prestadoras de Servicios de Salud - IPS;;;X;;
JAIME ENRIQUE LARA MIZAR;calle 91#19c-62 CS 204;2183891 7511710;Jalamimd@hotmail.com;Privada;Profesional Independiente;;;X;;
JAIME LOZADA RUIZ;CARRERA 11 N° 97 - 23 CS 202;6753314 - 3108502686;lozadamd@yahoo.es;Privada;Profesional Independiente;;;X;;
jaime orlando rojas jaimes;carrera 19 A # 82 -85 consultorio 611;2575690;jaimeorojas@hotmail.com;Privada;Profesional Independiente;;X;;;
JAIME RAMIREZ SALCEDO;CALLE 105 A No. 14-92 CONSULTORIO 106 - 107;6191696-6206725;info@jaimeramirez.com;Privada;Profesional Independiente;;;X;;
JAIRO ANTONIO ZALAMEA SILVA;Calle109 No. 18 C 17 Oficina 601;5208220/3153557762;zalameasilva@yahoo.com;Privada;Profesional Independiente;;X;;;
JAIRO RAMIRO ANGARITA MEDELLIN;CL 134 # 7 B 83 CS 421;6271898 - 3102437319;jrangarita_8@hotmail.com;Privada;Profesional Independiente;;X;;;
JARALAMPOS GIAGTZIDAKIS MAKRI;CRA. 18 No.80-32 CS 206;3228398191;giagtzijmk@gmail.com;Privada;Profesional Independiente;;X;;;
JARIO ANDRES TOBAR PADILLA;Av 7 # 119-14 Consultorio 416 - 417 Centro Medico de la Sabana;3204255214;andrestobarmd@gmail.com;Privada;Instituciones Prestadoras de Servicios de Salud - IPS;;;X;;
JAROLD EDUARDO EFFER TAYLOR;CARRERA 23 N 124-87 ED ZENTAI TORRE 2 CONS. 604;3012325745 -3008800408 -3208269102;jaroldeffer@hotmail.com;Privada;Profesional Independiente;;;X;;
JAVESALUD TOBERIN;KR 19 B # 166 96;3144705570;direccion@javesalud.com.co;Privada;Instituciones Prestadoras de Servicios de Salud - IPS;;X;;;
JAVIER MAURICIO JIMENEZ TORRES;CALLE 124 No. 7-38 CONSULTORIO 902;7029626;info@mauriciojimenez.net;Privada;Profesional Independiente;;;X;;
jeison de jesus zuñiga lara;cll 142 - 17a 40 consultorio 201 segundo piso;3183498249;jeison24121973@hotmail.com;Privada;Profesional Independiente;;;;X;
JENNIFER VERA BOLIVAR;CALLE 134 # 7 - 83 CS 332 TORRE 3 PISO 3;3187955740 - 3165241615;draverab@gmail.com;Privada;Profesional Independiente;;X;;;
JOAQUIN ALFREDO DIAZ GRANADOS ZUÑIGA;CRA 15 # 83-33 CS 301;3188693277;joaquindgz925@gmail.com;Privada;Profesional Independiente;;X;;;
JOHNATAN ROY LADRON DE GUEVARA CERVERA;AVENIDA CALLE 127#19a 10/14/28 consultorio 314 EDIFICIO ACOMEDICA PH;3017904271;jrl236@gmail.com;Privada;Profesional Independiente;;;X;;
JORGE ALBERTO ESPINOSA REYES;Calle 127A Nº 7 -53 CS 3005;7495305 - 3153559955;jorgespinosa@gmail.com;Privada;Instituciones Prestadoras de Servicios de Salud - IPS;;;X;;
JORGE ANDRES AFANADOR LUQUE;Calle 119 # 14 - 23 cons 201;4006600-3133190830;dr.afanador@hotmail.com;Privada;Profesional Independiente;;;X;;
JORGE EDUARDO ARISTIZABAL GUTIERREZ;AK 9 # 117 20 CS 622;2150558- 2152300;dr.aristizabalmd@gmail.com;Privada;Profesional Independiente;;X;;;
JORGE ENRIQUE CORONA AGUDELO;KRA 7 # 127A-53 CS 2001 Y 2002;3172171917/3042075993;drjorgecorona@hotmail.com;Privada;Profesional Independiente;;;X;;
JORGE ENRIQUE PEREA DONADO;Calle 98 No 9a-46 cons 701C;6912830/3157639159/3152214775;jorgeenriqueperea@yahoo.com;Privada;Profesional Independiente;;X;;;
JORGE ENRIQUE SANCHEZ ROJAS;CL 110 9 25 TORRE PACIFIC CS 908-1;3102489126;drjorgesanchez83@gmail.com;Privada;Profesional Independiente;;;X;;
JORGE ENRIQUE ZAMUDIO PORTILLA;Cra. 23 No. 124 - 87 Torre 1 CS. 701-1;3102489126;jorgezamudiocxplastica@gmail.com;Privada;Profesional Independiente;;;X;;
JORGE GUILLERMO POVEDA RESTREPO;CALLE 119 # 7-14 consultorio 723;6012146453 - 3142543136;jorgepoveda1@yahoo.com;Privada;Profesional Independiente;;;X;;
JORGE JOSE ECHEVERRY OTALVAREZ;DG 115 A No. 70 C -75 CASA 19 CS 1A;3024019999 - 6017021762 - 6015938210 ext 2141;jjecheverry@hotmail.com;Privada;Profesional Independiente;;X;;;
Jorge Leonardo Gagliano Canessa;Calle 90 No 19 - 41 Oficina 504 Consultorio 2;3014212434;jleonardogagliano@gmail.com;Privada;Profesional Independiente;;X;;;
jorge luis azocar perozo;calle 127A # 7-53 consultorio 6002 A;5208201 - 3208613017;dr.azocar@gmail.com;Privada;Profesional Independiente;;;X;;
jorge luis azocar perozo;CL 126 # 7-26 CS 1303 - 2;3208613017;plastica.mastologia@gmail.com;Privada;Profesional Independiente;;;X;;
JORGE LUIS SCARPETTA URIBE;AK 19 N 100 -28 PI 3;5556863/3153900512;jscarpetta@surgiplastic.com;Privada;Profesional Independiente;;X;;;
JORGE MARIO GOMEZ IBAÑEZ;Calle 109 # 18 c 17 consultorio 314;3164662611;consultoriojmgbogota@hotmail.com;Privada;Profesional Independiente;;X;;;
JORGE NEMPEQUE DOMÍNGUEZ;AC 127 Nº 19A-28 CS 601;3176467736;jnempequed@yahoo.es;Privada;Profesional Independiente;;;X;;
JORGEN WILCKEN TORRES;CL 91 No. 19 C - 55 CS. 508/509;316 4081983 - 310 2746568 - 601 6103197;drwilcken@yahoo.com;Privada;Profesional Independiente;;X;;;
JOSE ALEJANDRO SUAREZ ANAYA;CL 124 Nº 7 - 38 CS 503;3106041338;josealejandro.suarez@gmail.com;Privada;Profesional Independiente;;X;;;
JOSE ALEXANDER MENDOZA MEDINA;CALLE 119 # 7-14 CONSULTORIO 620;3142654734 - 3577190 - 3153714705;secretariamendozatello@gmail.com;Privada;Profesional Independiente;;X;;;
jose antonio bello santamaria;calle 97 # 23 37 cons. 609;6421332;consultorio609dali@gmail.com;Privada;Profesional Independiente;;;X;;
JOSE RAFAEL GOMEZ DIAZ;CL 134 # 7 83 CS 232 1;6273199;rafagomezciruplastica@hotmail.com;Privada;Instituciones Prestadoras de Servicios de Salud - IPS;;;X;;
JOSE RAFAEL REYES URIBE;AV 7 # 119 14 CONS 211;0;joserafaelreyes@gmail.com;Privada;Profesional Independiente;;;X;;
JOSE ROLANDO PRADA MADRID;AK 9 # 116 20 CS 715;2150251;rpradam@gmail.com;Privada;Profesional Independiente;;X;;;
JUAN ALFREDO SANABRIA RIOS;CALLE 119 # 7 - 14 CS. 622;3006689870;juansanabria86@hotmail.com;Privada;Profesional Independiente;;;X;;
JUAN CAMILO NOREÑA ATEHORTUA;AK 9 # 117 20 CONS 706;6012137394 - 3102533555;jcnorena2@yahoo.com;Privada;Profesional Independiente;;X;;;
JUAN CARLOS CORENA MERCADO;CARRERA 18 #80-52 CONSULTORIO 306;7954285 - 3143407074;juancorena@yahoo.com;Privada;Profesional Independiente;;;X;;
JUAN CARLOS LEON ACEVEDO;cra 14 # 127 - 11 CS 401;6016581604;contacto@leoncirugiaplastica.co;Privada;Instituciones Prestadoras de Servicios de Salud - IPS;;;X;;
JUAN CARLOS MARCIALES PARRA;CALLE 127 # 19 A-44 CONSULTORIO 601;7526445 - 8100908;consulta@juancarlosmarciales.com;Privada;Profesional Independiente;;X;;;
JUAN CARLOS OLAYA OSORIO;calle 95 No. 23-61 cons 508 CLÍNICA LOS NOGALES;300-6085073;jcolaya@juanolayamd.com;Privada;Profesional Independiente;;;X;;
JUAN CARLOS ORTIZ PAEZ;CL 98 # 9 A 46 CS 301A;3153426220-3138642576;consulta.drjuancarlosortiz@gmail.com;Privada;Profesional Independiente;;;X;;
JUAN DAVID TORO MORA;CALLE 90 # 19-41 OFC 203-1;3176569666;dimimo76@hotmail.com;Privada;Profesional Independiente;;X;;;
Juan Luis Arminio Diaz;Calle 90 # 19 A - 49 CS 602;3175741165;juanluisarminio@gmail.com;Privada;Profesional Independiente;;;X;;
JUAN MANUEL LAVERDE GUTIERREZ;CL 80 No 10-43 CONS. 203;2186574 - 6104884;drlaverde@gmail.com;Privada;Profesional Independiente;;X;;;
JUAN PABLO RODRIGUEZ OLIVERO;CARRERA 23 Nº 124-87 CONSULTORIO 706 TORRE 2 EDIFICIO ZENTAI;7033306 - 3153202272;contacto@juanpablomd.com;Privada;Profesional Independiente;;;X;;
Julia Cecilia Maury Oñoro;Calle 134 No 7 - 83 Cons 337;3004969;jumaury05@hotmail.com;Pública;Instituciones Prestadoras de Servicios de Salud - IPS;;;X;;
Julia Sofia Alfonso Jaimes;Carrera 14 # 127-11 consultorio 308;6581603 - 3153412768;sofialja@hotmail.com;Pública;Instituciones Prestadoras de Servicios de Salud - IPS;;;X;;
Julian David Meneses Argalle;AC 134 NO 7B-83 CONSULTORIO 506;3004257380;julianmenesesarg@gmail.com;Privada;Profesional Independiente;;X;;;
JULIAN SUAREZ GOMEZ;Av. Cr. 19 No. 114 - 65 Consultorio 213;(+571) 6377926 - 6377927 - 3043837003;juliansg.md@gmail.com;Privada;Profesional Independiente;;;X;;
Julio Cesar Castañeda Zakzuk;Cra 16 # 106-21 cons 203;6126822-3503492968;cirugia@julioczakzuk.com;Privada;Profesional Independiente;;X;;;
Julio Enrique Gil Antorveza;Avenida Carrera 19 N. 102-53 consultorio 217-218-219;7432161-3144430463;asistente@doctorjuliogil.com;Privada;Profesional Independiente;;;X;;
KATRINA DUPLAT GUTIERREZ;Avenida Carrera 15 # 88 - 64 Piso 8 Consultorio 801;3002185279;consultoriojuvens@gmail.com;Privada;Profesional Independiente;;X;;;
KLINIMEQX 147;AC 147 # 19 50 LOCAL 6 Y 31;2743087 - 7048865 - 3106661949;pilileivag@hotmail.com;Privada;Instituciones Prestadoras de Servicios de Salud - IPS;X;;;;
L I SPA VIVIR NEW STETIC I P S LTDA;CL 53 # 73 62 PI 2;4109574;iris_alarcon@hotmail.com;Privada;Instituciones Prestadoras de Servicios de Salud - IPS;;;;X;
LA FONT S.A.S.;Cra 16 N 86B 52 P 2 Of 202-203-204 P3 Area Quirurgica P4 Cs 1 y 2;5938150;calidad@cirugiaestetica.com;Privada;Instituciones Prestadoras de Servicios de Salud - IPS;;X;;;
Laura Patricia Moreno Agredo;CALLE 76 # 9-88 CONSULTORIO 3;3147922988;dralaura.moreno91@gmail.com;Privada;Profesional Independiente;;;;X;
LAURA RIVERA OSORIO;CRA 16 # 84 A 09 CS 714. CENTRO MEDICO ALMIRANTE COLON;3007695239;dra.laurariverao@gmail.com;Privada;Profesional Independiente;;X;;;
Laura Viviana Leal Caceres;Calle 119 # 7 - 14 cons. 405;2158443/ 3163735571;lauralealme@gmail.com;Privada;Profesional Independiente;;;;X;
Leandro Rafael Santiago Cepeda;CRA 7A N 123 - 25 Consultorio 603;3103644374;leandrosantiago08@hotmail.com;Privada;Profesional Independiente;;;X;;
Leidy Johanna Gonzalez Gomez;Cll 127 # 19A-28 consultorio 510;6254260;drajohannagonzalez@gmail.com;Privada;Profesional Independiente;;;;X;
LEONARDO RUEDA MEDINA;Cll 119#7-14 CS 710;4755577 - 3125424669;leorueda2010@gmail.com;Privada;Instituciones Prestadoras de Servicios de Salud - IPS;;;X;;
L'ESSENCE BEAUTY CENTER SAS;CALLE 127 A 7 19 CONS 606-607;3138894984;doctores606.admon@gmail.com;Privada;Instituciones Prestadoras de Servicios de Salud - IPS;;X;;;
LEYDA NATALI CORTES MARTINEZ;CL 97 #23-37. CS 501. CENTRO MEDICO DALI;6425487;leydanatali@gmail.com;Privada;Profesional Independiente;;;X;;
LICETH LORENA PATARROYO VILLALOBOS;AC 134 7 83 TORRE 4 CS 441 -1 Y 3;3132517783;lorena.patarroyo@gmail.com;Privada;Profesional Independiente;;X;;;
LILIANA TELLO QUIJANO;CALLE 119 # 7-14 CONSULTORIO 620;3174413648 - 3577190 - 3153714705;info@mendozatellocirujanosplasticos.com;Privada;Profesional Independiente;;X;;;
LINA ALEJANDRA ABRIL CLAVIJO;calle 127 a 7 53 consultorio 4005;3106119112;DRAABRILCIRUGIAPLASTICA@GMAIL.COM;Privada;Profesional Independiente;;X;;;
LINA MARIA VANEGAS GOMEZ;CRA 14 # 127 - 11 CS 306;3107672865;linamvan@yahoo.com;Privada;Profesional Independiente;;;X;;
Lina Patricia Franco Chaparro;Av cra 19 # 102-53 Consultorio 520;3107770837;dralinafranco@gmail.com;Privada;Profesional Independiente;;X;;;
LISETTE MARIA MERCEDES BARRETO HAUZEUR;AK 9 # 116 20 CS 504;0;plastica.ama@gmail.com;Privada;Profesional Independiente;;X;;;
LIZ CAROLINA PAVA BECERRA;AVENIDA CARRERA 19 Nº 108-45 OFICINA 402 CONSULTORIO # 3;316 4964722;lpava2592@gmail.com;Privada;Profesional Independiente;;X;;;
LOSCOBOS MEDICAL CENTER SAS - LOSCOBOS;AK 9 N° 131 A - 40;7457581 EXT 2366;calidad@loscobosmc.com;Privada;Instituciones Prestadoras de Servicios de Salud - IPS;X;;;;
Luis Carlos Giovannetti Villegas;AV CALLE 26 # 69-76 TORRE 3 Piso 11 Oficina 1104 CS 1 y SP 1;32039225219;luis23md@gmail.com;Privada;Profesional Independiente;;X;;;
LUIS CARLOS LINARES SALAZAR;KR 16A # 82 - 46 CONSULTORIO 304;3157634235 3133190102 2960787;luisca99@hotmail.com;Privada;Profesional Independiente;;X;;;
LUIS CARLOS POSADA PEÑALOZA;Kra 17 No 89-31 Cons 605 B-C Edif GAIA;3152234647-3158935154;doctor@luiscarlosposadamd.com;Privada;Profesional Independiente;;X;;;
Luis David De Voz Borja;AC 127 14 54 Consultorio 706;3004992626;calidad@luisdevozcirugia.com;Privada;Profesional Independiente;;;X;;
LUIS EDUARDO BERMUDEZ RODRIGUEZ;AV 9 No. 116-20 PISO 9 CS 928;6366340/2152300 EXT 1928/ CELULAR:3163723763;bermudez@ciruestetic.com;Privada;Profesional Independiente;;X;;;
LUIS EDUARDO NIETO RAMIREZ;Carrera 9 # 116-20 piso 9 consultorio 910 Edificio Asociacion Medica de los Andes-Fundacion Santa Fe;3204923564;info@doctornieto.com;Privada;Profesional Independiente;;X;;;
LUIS HUMBERTO URIBE MORELLI;Av Carrera 7 No. 116-50 local 101B Edificio Flor Morado;7424859 - cel 317 5765904;gerencia@uribemorelli.com;Pública;Instituciones Prestadoras de Servicios de Salud - IPS;;;X;;
Luis Octavio Tamayo Manrique;Cra. 16 # 82-74 consultorio 705;6217231;consultoriodr.tamayo@hotmail.com;Privada;Profesional Independiente;;X;;;
Luisa Fernanda Lizcano Narvaez;CARRERA 7 A # 127 - 84 Consultorio 4004;3203393588 - 3125216914;dra.luisalizcano@gmail.com;Privada;Profesional Independiente;;;X;;
LUZ ELENA MEJIA RENTERIA;KR 20 # 133 18 CS 204;2587067 3102667770;luzhelenamejia@yahoo.com;Privada;Profesional Independiente;;X;;;
LUZ NIMIA CAMELO BARERRO;CL 127 A# 7-19 LC 301C;3107799671;lucerocamelo@gmail.com;Privada;Profesional Independiente;;X;;;
LVB MEDICINA ESTETICA IPS SAS;AVENIDA 15 No. 100-69 Oficina 509;6216325;lvbmedicinaestetica@gmail.com;Privada;Instituciones Prestadoras de Servicios de Salud - IPS;;X;;;
MANUEL ANDRES FERRO MORALES;AK 9 N° 127 C-60 CONS 211-4;3045310150;andresferro123@gmail.com;Privada;Profesional Independiente;;X;;;
MANUEL AUGUSTO SOLANO TRUJILLO;AK 9# 116-20 CS 309;7031528-3106883106;manuel.solano_99@yahoo.com;Privada;Profesional Independiente;;X;;;
MANUEL SEVILLANO DELGADO;CL 79 Nº 18- 34 CS 501;691 25 46;plasticamsevillano@gmail.com;Privada;Profesional Independiente;;X;;;
MARBELIA FACES SANCHEZ;AV CARRERA 15 # 92-29 OFICINA 201;3153788305;marbeliafacesmfs@gmail.com;Privada;Instituciones Prestadoras de Servicios de Salud - IPS;;;X;;
MARCELA ARIAS RINCON;CL 119 No. 7 - 14 CS. 416;3118105797;arias.plastica@gmail.com;Privada;Profesional Independiente;;X;;;
MARCELA SANCHEZ VARGAS;AC 127 No. 20 - 16 OF. 414;7498755 - 310 6882421;marcela_sanchez@hotmail.com;Privada;Profesional Independiente;;X;;;
MARCELA VILLEGAS OJEDA;CARRERA 16 No 106 - 21 CS 307;3208498766-7495722;marcelavillegasmd@gmail.com;Privada;Profesional Independiente;;X;;;
MARCO ANTONIO SALAZAR TRUJILLO;CALLE 134 7-83 CONSULTORIO 262;2586368;marcosalazart@hotmail.com;Privada;Profesional Independiente;;;X;;
MARIA ALEJANDRA ALVAREZ DIAZ;CL 117# 6 A 60 CS 610;3124450600;aleja.alvarezd@gmail.com;Privada;Profesional Independiente;;X;;;
MARIA ALEXANDRA BERNAL NIÑO;Calle 119 # 7 - 14 CS 823;3176422376;albernal1@gmail.com;Privada;Profesional Independiente;;X;;;
María Ángela Gómez Martínez;Calle 80 Nº 10-43 Cons 506;2186539 6104660;lagoda3@hotmail.com;Privada;Profesional Independiente;;;X;;
MARIA BIBIANA MENDOZA TORO;CALLE 119 # 7- 14 CS 721;5937000 EXT 1527, CEL 314-4704841;Maria.mendoza@fsfb.org.co;Privada;Profesional Independiente;;X;;;
MARIA CAROLINA PEREZ PERDOMO;CARRERA 7 BIS # 124-56 OFICINA 602;3206914559;consultakamala@hotmail.com;Privada;Profesional Independiente;;;X;;
María Clara Guerrero Forero;calle 119 No 7-14 consultorio 419B;6299514 6209025 3162128411;guerreroforeromd@gmail.com;Privada;Profesional Independiente;;;X;;
MARIA CONSUELO CARRANZA BOTIA;AC 134 # 7 83 TO 2 PI 3 CS 231;3138715460;contacto@draconsuelocarranza.com;Privada;Instituciones Prestadoras de Servicios de Salud - IPS;;;X;;
MARÍA CRISTINA LÓPEZ ASSMUS;KR 16 # 82 74 CS.602;6348475-6919232;plasticaoncologicasansd@hotmail.com;Privada;Profesional Independiente;;X;;;
MARIA IDALY VELASCO HERRERA;TV 14 No. 126 10 consultorio 203;3108062551;cumplehablitacion@gmail.com;Privada;Profesional Independiente;;;X;;
MARIA LUCIA RIVEROS RUEDA;KR 7 BIS No. 124 - 56 CS 902;3028339883;mariariveros.cirugiaplastica@gmail.com;Privada;Profesional Independiente;;X;;;
MARIA PAULA ARDILA DEL TORO;AK 9 No. 127 C - 60 CS 212-2 212-1;3028524188;dram.ardila@gmail.com;Privada;Profesional Independiente;;X;;;
MARIA SOFIA PEDRAZA FORERO;KR 13 No. 49 - 40 CS 424;2320406 - 3102121279;mariasofia.pedraza@gmail.com;Privada;Profesional Independiente;;X;;;
MARIA SOFIA PEDRAZA FORERO;AC 127 # 21 - 60 CS 407;6158955 - 3102121279;mariasofia.pedraza@gmail.com;Privada;Profesional Independiente;;X;;;
MARIALIN JOSEFINA LEAL JEREZ;CL 99 # 48 18 CS 408;3127202462;marialinleal5@gmail.com;Privada;Instituciones Prestadoras de Servicios de Salud - IPS;;;X;;
Marilian Denise Ventura Perez;Calle 127 # 14 - 54 CS 306;3228024411;administrativo@deniseventura.com;Privada;Profesional Independiente;;X;;;
MARIO ALEXANDER SANCHEZ MORENO;CL 125 20 59 CS 202 203;3123512471 - 3005643649;mscirugiaplastica@gmail.com;Privada;Profesional Independiente;;X;;;
marlen rudt cardenas lopez;AV 9 No. 127B - 16 Consultorio 707 Edificio Medical Center;6108405;marlencardenaslopez@hotmail.com;Pública;Instituciones Prestadoras de Servicios de Salud - IPS;;;X;;
MARTHA CATALINA BUITRAGO PERDOMO;Cra. 23 No 124-87 Oficina 604;6107626-3102229879;catabupe@gmail.com;Privada;Instituciones Prestadoras de Servicios de Salud - IPS;;;X;;
MARTHA LILIANA BALLESTEROS LOPEZ;AK 15# 112-46 CS 104;3112297128;lilianaballesterosmd@gmail.com;Privada;Profesional Independiente;;;;X;
MARTHA MARCELA GOMEZ LICHT;KR 21 A# 124 55 CS 406-4;3203813997 / 6016190699;mglicht@gmail.com;Privada;Profesional Independiente;;X;;;
Medicentro Familiar IPS SAS;Calle 20 No. 98-62;3108062745-3118895118;lidercalidad@clinicamedicentrofamiliar.com;Privada;Instituciones Prestadoras de Servicios de Salud - IPS;X;;;;
MEDIPORT BS;Calle 127 A 7 A 36;3154662116- 3156071491 - 3102016213 - 7463713;info@mediport.com.co;Privada;Instituciones Prestadoras de Servicios de Salud - IPS;X;;;;
MEISAR IPS SAS;CL 123 Nº 7 C 06 CONSULTORIO 1 Y 2;6195454;meisar2017@gmail.com;Privada;Instituciones Prestadoras de Servicios de Salud - IPS;X;;;;
MEJIA ORTIZ FABIO ANDRES;calle 98 No 9 a 46 Cs 502 consultorios B-1 Y B-2;6104819;dramo@etb.net.co;Privada;Profesional Independiente;;X;;;
MELBA GICELA CARDENAS BOCANEGRA;CL 99 # 49 38 CS 1202-2;7561310 - 3192359342;MGICELAMD@GMAIL.COM;Privada;Profesional Independiente;;;X;;
Merz;Avenida Carrera 19 # 95-20, Piso 27 Cs 2701;3182098718;Habilitacion.MerzCol@merz.com;Privada;Objeto Social Diferente a la Prestación de Servicios de Salud;;;;X;
MIGUEL HUMBERTO PARRA PINTO;KR 16 A # 82 - 46 CS 613 y 614;6160502;MPARRAPINTO@YAHOO.COM;Privada;Instituciones Prestadoras de Servicios de Salud - IPS;;;X;;
MONICA LIZARRALDE LARA;CALLE 93 B Nº 12 - 48 CONSULTORIO 206;6220005;monica.lizarralde@gmail.com;Privada;Profesional Independiente;;;X;;
MONICA MARIA RAMIREZ ARDILA;AK 19 # 95-20 cs 701;3153510736;moniplastic@hotmail.com;Privada;Profesional Independiente;;X;;;
monica mejia silva;KR 15 # 83 33 PISO 3 CNS 302;3153160806;monicamejias@yahoo.com;Privada;Instituciones Prestadoras de Servicios de Salud - IPS;;;X;;
MONICA VIVIANA BERNAL NIÑO;CALLE 134 No 7-83 CS 232-3;6273199 - 6278279 - 3144682037;mvbernaln@gmail.com;Privada;Profesional Independiente;;;X;;
NABESADE SAS;CALLE 127 A # 7 - 19 OFICINA 601 A;3106764378;calidad@luismiguelzabaleta.com;Privada;Instituciones Prestadoras de Servicios de Salud - IPS;;;;X;
NASHAO LA ARMONIA DEL SER;CALLE 134 N. 57 - 25;6434139;nashao.comercial@gmail.com;Privada;Instituciones Prestadoras de Servicios de Salud - IPS;;X;;;
NATALIA KATHERINE MORENO ROZO;KR 7 BIS 124 - 56 CONS 605 -708;3106241907;habilitacion.nataliamoreno@gmail.com;Privada;Profesional Independiente;;X;;;
Natalia Linares Cruz;Calle 127 # 20-78 CS 725;3155137240;citas@natalialinarescplastica.com;Privada;Instituciones Prestadoras de Servicios de Salud - IPS;;;X;;
NATALIA SERRA REY;CALLE 127 A 7 53 CONSULTORIO 4003A;3012686808;natserra@hotmail.com;Privada;Profesional Independiente;;;X;;
NATURAL RENOVATION REJUVENECIMIENTO Y EQUILIBRIO SAS;Ak 15 No 124-30 Local 1-001 PISO 1;3176409454;dranataliareyes@gmail.com;Privada;Instituciones Prestadoras de Servicios de Salud - IPS;;X;;;
NELSON FERNANDO CHAVES RINCON;Cll 97 No. 23 37 CS 513,514;6017046104;info@drchaves.com;Privada;Profesional Independiente;;X;;;
NENA NUBIA PAREJA ROBLES;AC 127 #19A - 10 CS 502;6497609 / 6497610-3002675164;nenapareja77@hotmail.com;Privada;Profesional Independiente;;;X;;
NESTOR ABELLO RENGIFO;CL 124 # 7 38 CS 605;6198778- 3107649302;nestorabello@hotmail.com;Privada;Profesional Independiente;;;X;;
NEXUS GROUP SAS;KR 14 A # 112 79 PI 1;7427358-3204084296 - 3182817653;viviana.valderrama@camiloprieto.com;Privada;Instituciones Prestadoras de Servicios de Salud - IPS;;X;;;
nicolas ferrer perez;KR 16 # 88 81 CS 7021;3176445487-6473410;consultanicolasferrer@gmail.com;Privada;Profesional Independiente;;;X;;
NICOLAS MATIAS LEAL;AC 127 NO. 14 54 Oficina 403 GRADECO;3195192619;leal_plastica@hotmail.com;Privada;Profesional Independiente;;X;;;
NICOLAS RESTREPO SALAMANCA;Cra. 19 No. 84 - 17 Oficina 601 Consultorio 3;3176713487;8crestreponicolas@gmail.com;Privada;Profesional Independiente;;X;;;
NINI YOLANDA PARALES VELASQUEZ;CL 124 No. 7-38 CS 603;3143479857;cirugíaplasticaparales@gmail.com;Privada;Profesional Independiente;;;X;;
NORMA CONSTANZA CABALLERO GARZON;CRA 16 No. 82 74 Consultorio 708;5 559777 311 2648690;normaccg@yahoo.es;Privada;Profesional Independiente;;X;;;
NUARA SAS;CALLE 122 # 22-49, PISO 1;3103298868-3118306373;doctoravellaneda@gmail.com;Privada;Instituciones Prestadoras de Servicios de Salud - IPS;;X;;;
NUEVA CLINICA MAGDALENA;CALLE 39 No. 14-34;3184025134;direccionadministrativa@clinicamagdalena.com contabilidad@clinicamagdalena.com calidad@clinicamagdalena.com;Privada;Profesional Independiente;;;X;;
OCTAVIO DE JESÚS CARRASCAL CARRASQUILLA;AVENIDA CARRERA 19 # 95-20 CS. 902;3007355819;octaviocarrascal@gmail.com;Privada;Instituciones Prestadoras de Servicios de Salud - IPS;;;X;;
Omar Fernando Valderruten Bueno;cll 123 7A-17 consultorio 203;6192019-6192021;sculptorlaser@yahoo.es;Privada;Profesional Independiente;;X;;;
ORLANDO BERNAL CACERES;KR 19A # 82 - 85 CS 701;3102113742;50bernal@gmail.com;Privada;Profesional Independiente;;;X;;
OSIRIS DEL CARMEN AREVALO TABORDA;Carrera 23 No. 124 - 87 Torre 2 Consultorio 202;5204333;osiris@osirisarevalo.com;Privada;Profesional Independiente;;;X;;
OTOFON S.A.S;KR 7 No 119 14 CS 310;2153666;otofonsa@gmail.com;Privada;Instituciones Prestadoras de Servicios de Salud - IPS;;X;;;
OZ MEDICAL SAS;CALLE 93 # 14-55 PISO 7;3116421309;John.Pedraza@zaneo.net;Privada;Objeto Social Diferente a la Prestación de Servicios de Salud;;X;;;
PAOLA VANESSA BENAVIDES CARO;AV. 19 No.102-53 CS.420;3125068864 - 3042873037;paobenav@yahoo.com;Privada;Instituciones Prestadoras de Servicios de Salud - IPS;;;X;;
PAULA ANDREA PEREZ FRANCO;AK 7 N° 127-48 LOCAL 1206 CN 2;3006289689;Contacto@drapaulaperez.com;Privada;Profesional Independiente;;X;;;
PEDRO FELIPE ROA VESGA;CRA 16 # 82 95 CONS 500-501;0;nubialopez369@gmail.com;Privada;Profesional Independiente;;X;;;
Plastic Skin;CL 126 # 7 -26 CS 702-703;3127044910;wellnessips2024@gmail.com;Privada;Profesional Independiente;;;X;;
PROFAMILIA BOGOTA TEUSAQUILLO;CALLE 34 # 14 52;3009124560;zulma.castellanos@profamilia.org.co;Privada;Instituciones Prestadoras de Servicios de Salud - IPS;;;X;;
PROSEGUIR SEDE 3;Cra. 16 Nº 59-04;5557080 EXT 1026;calidad@proseguir.org;Privada;Instituciones Prestadoras de Servicios de Salud - IPS;X;;;;
QUALITY CARE;Calle 97 # 23-37 Piso 10 Cons. 1001 Y 309;3849060 - 3138935320;administracion@caqc.co;Privada;Instituciones Prestadoras de Servicios de Salud - IPS;X;;;;
RADA CASSAB MEDICINA ESTETICA S.A.S;CL 79 B # 8 10 PI 2 y 5;6202081 - 3142748635;atencionusuarios@radacassab.com;Privada;Instituciones Prestadoras de Servicios de Salud - IPS;;;;X;
RAFAEL ALBERTO LOPEZ AVILA;CL 98 # 9 A 46 TO 3 CS 3;3215222019;ralacirugiaplastica@gmail.com;Privada;Profesional Independiente;;X;;;
RAFAEL ALBERTO MESTRE MORENO;KR 14 # 127 11 CS 302;6581603;rafaelmestre@yahoo.com;Privada;Profesional Independiente;;X;;;
RAFAEL ARCANGEL POLO VARGAS;Carrera 15 No. 84 A - 24 Consultorio 417;616 3355;rafaelpolomd@gmail.com;Privada;Profesional Independiente;;;X;;
rafael mauricio serrano basto;KR 7 BIS A 123-06 CNS # 1 SP # 2;6379318;rafaelmauricioserrano@hotmail.com;Privada;Profesional Independiente;;;X;;
RAFAEL PEREZ FRANCO;CARRERA 16 No 97-46 Cons 202 A;3006188765 - 4043107;info@drrafaelperez.com;Privada;Profesional Independiente;;X;;;
RAMIRO HUERTAS MOTTA;CRA 9 # 116 20 CONS 609;601 2152947 / 3138581596;ciruplas@gmail.com;Privada;Profesional Independiente;;X;;;
RAUL ESTEBAN SASTRE CIFUENTES;CRA 9 # 117 20 CONS 607;0;consultorioraulsastre@gmail.com;Privada;Profesional Independiente;;X;;;
RAUL JOSE DAZA SUESCUN;CALLE 119 No.7-14 CS 719;3183192075;rauldaza23@hotmail.com;Privada;Profesional Independiente;;;X;;
RAUL JOSE DAZA SUESCUN;CALLE 119 No.7-14 CS 712;8050139;cirugiareconstructivayestetica@gmail.com;Privada;Instituciones Prestadoras de Servicios de Salud - IPS;;;X;;
REBORN MEDICINA ESTETICA Y RECONSTRUCTIVA SAS;CRA 23 # 124 - 87 CONS 703-704 - 705 TORRE 2 EDIFICIO ZENTAI;6017033306;gerencia@juanpablomd.com;Privada;Profesional Independiente;;;X;;
RICARDO ANDRES BECERRA ANDRADE;Av Cra 19 # 102 -53 CS 520;3164651602;becerra.r@hotmail.com;Privada;Profesional Independiente;;X;;;
RICARDO AUGUSTO SANDOVAL VASQUEZ;TRANSVERSAL 19A # 98 28 Cons 703 Centro empresarial 98/28;6221120 Ext. 214 - 3123215304;ricardosandovalespecialista@gmail.com;Privada;Profesional Independiente;;;;X;
RICARDO GONZALEZ CIRUGIA PLASTICA Y ESTETICA;Avenida Cra 9 # 103 A - 36 Oficina 603;3217575936;rg@doctorricardogonzalez.com;Privada;Instituciones Prestadoras de Servicios de Salud - IPS;;;X;;
RICARDO LOMANTO DEL CASTILLO;CL 93 # 14 20 OF 512 consultorio 1;2182813 - 3105719252;lomantodelcastillo@hotmail.com;Privada;Profesional Independiente;;X;;;
RICARDO MARIO GALAN SUAREZ;KR 14 # 127 - 11 CONSULTORIO 404;6581601;ricgalan@gmail.com;Privada;Profesional Independiente;;X;;;
RICARDO PEÑA CORTES;AC 127 20 78 CS 520;5271721 - 3125883798;ricardopena71@hotmail.com;Privada;Profesional Independiente;;X;;;
RICARDO TOMAS MADIEDO CLAVIJO;CL 83 # 19 - 36 CONSULTORIO 602;3106977969 6108445;madiedor@hotmail.com;Privada;Profesional Independiente;;X;;;
RINCON ALMANZA MANUEL JAVIER;Calle 120A N° 7 - 05 / 2° piso.;(57)+ (1) 612 98 12;info@corporalcenter.com;Privada;Profesional Independiente;;X;;;
RITO ANTONIO MARIÑO DIAZ;CARRERA 18 N° 84 - 11 CONS 405;5286816 3153615775 -3213729143;consultadrmarino@gmail.com;Privada;Profesional Independiente;;;X;;
RIVIERE CLINIC SAS;AV KR 19 # 109 A - 57;3023942435;calidadriviereclinic@gmail.com;Privada;Instituciones Prestadoras de Servicios de Salud - IPS;X;;;;
RODRIGO FOCION SOTO PAREJA;CL 90 No. 19 A - 49 CS 502;5303878 - 5303879;info@rodrigosoto.com;Privada;Profesional Independiente;;X;;;
RUBEN HORACIO LUQUE VILLAMIL;AC 127 # 19 A 28 CS 307;6497606-3159277368;luquecp@gmail.com;Privada;Instituciones Prestadoras de Servicios de Salud - IPS;;;X;;
RUBER ANDRES ALMANZA GARCIA;CL 119 No. 7 - 14 CS. 821;7183803 - 300 8143021;ruberalmanza@gmail.com;Privada;Profesional Independiente;;X;;;
RUTH MYRIAM SALAMANCA RODRIGUEZ;AK 19 # 95-31/55 CS 206;3142809546;dra.ruthsalamanca@gmail.com;Privada;Profesional Independiente;;X;;;
RUTH PATRICIA VELANDIA MORENO;CARRERA 7BIS # 124-56 CS 801 - 3;3102489126 - 317 5154688;patriciavelandiam@gmail.com;Privada;Profesional Independiente;;;X;;
Salim Eduardo Behaine Montes;CARRERA 10 N° 97A - 13 CONSULTORIO 203-204;3008163422;salimbehainemd@gmail.com;Privada;Profesional Independiente;;;X;;
SALUD PREFERENCIAL MAZUREN;CALLE 152 # 53 A 05 PISO 2 y 3;7436756 EXT 73355;calidad.colsubsidio@colsubsidio.com;Privada;Instituciones Prestadoras de Servicios de Salud - IPS;;;X;;
SAMIRA SOLANO AREVALO;CL 119 # 7 - 14 CS 516;3112317828;samys60@hotmail.com;Privada;Profesional Independiente;;;X;;
SANDRA LILIANA PINILLA MIKAN;KR 11 # 93A 53 CS 201;3118526286 - 3502778860;mikanbaquero@gmail.com;Privada;Instituciones Prestadoras de Servicios de Salud - IPS;;;X;;
SANDRA LILIANA SANTANA BALLESTEROS;CALLE 127 BIS No.19 25 CONS 303;3124874182;sandrasantana88@yahoo.com;Privada;Profesional Independiente;;X;;;
Sandra Milena González Támara;CL 23 No 66 46 INT 4 CS 1113;3213438993 - 5715042;sgonzalez_plastica@hotmail.com;Privada;Instituciones Prestadoras de Servicios de Salud - IPS;;;X;;
SANDRA MILENA LEGUIZAMON CEILIS;Carrera 23#124-87 Consultorio 804 Torre 2;3012539902;doctor@sandraleguizamon.com;Privada;Profesional Independiente;;;X;;
SANDRA VIVIANA ORTEGA TREJOS;CRA 15 # 83-33 CS 306;3014590617;sandravortegat@gmail.com;Privada;Profesional Independiente;;X;;;
SANDRA XIMENA SILVA MONTOYA;AV CALLE 127 No 14-54 cons 514;4827632;silva_sandra02@hotmail.com;Privada;Profesional Independiente;;X;;;
SANTA BARBARA SURGERY CENTER SAS;CRA 7A # 123-25 OFICINA 2A-2B-2C CONSULTORIO 602-604;6013000958;andresromer2006@gmail.com;Privada;Instituciones Prestadoras de Servicios de Salud - IPS;X;;;;
SANTA BARBARA SURGICAL CENTER S.A.S;Cra. 22 Nº 100-24 piso 1,piso 3 consultorios 1,2,3 y 7;2571399 - 2577588;administracion@santabarbarasurgical.com.co;Privada;Instituciones Prestadoras de Servicios de Salud - IPS;X;;;;
SANTIAGO JOSE RUIZ GNECCO;Carrera 11 # 87-51 Oficina 302 Consultorio 1;6105141-2578662;consultoriodrsantiagoruiz@gmail.com;Privada;Profesional Independiente;;X;;;
SANTIAGO MERCHAN CADAVID;CRA 16 # 84 A 09 CONS 310;0;smerchanc@gmail.com;Privada;Profesional Independiente;;X;;;
SARA CAMILA TORRES ARCINIEGAS;AVENIDA CARRERA 19 Nº 108-45 OFICINA 402 CONSULTORIO 4;3133055779;ANGELOB31@YAHOO.ES;Privada;Profesional Independiente;;X;;;
SEBASTIAN TORRES ZUÑIGA;AC 134 # 7B - 83 CONSULTORIO 506;3114457459;sebastiantorresz92@gmail.com;Privada;Instituciones Prestadoras de Servicios de Salud - IPS;;;X;;
SEDE PRINCIPAL DE PRESTACION DE SERVICIOS RED HUMANA CASTELLANA;CR 45A # 94-71;3158057735;coord.calidad@redhumana.co;Privada;Instituciones Prestadoras de Servicios de Salud - IPS;;;X;;
SERENYA IPS S.A.S.;CARRERA 18 80 32 PISO 2 CONSULTORIO 212;3247576903;serenyaips@gmail.com;Privada;Instituciones Prestadoras de Servicios de Salud - IPS;;X;;;
SERGIO ANDRES SANCHEZ PEÑA;CALLE 106 # 56-76 CS 403 EDIFICIO VITALMEDICA;3008546763;medicinaestetica01@gmail.com;Privada;Profesional Independiente;;;;X;
SERGIO Y ALEXANDRA RADA;Cr 17 # 109 - 47;3112259796;calidad@sergioyalexandrarada.com;Privada;Instituciones Prestadoras de Servicios de Salud - IPS;;;;X;
SILVIA GONZALEZ TOMASKOVICH;CALLE 90 NO 19 A-49 CONS 702;6104386- 6104122- 3502364782- 3208386549;siltomasko@gmail.com;Privada;Profesional Independiente;;X;;;
SK QUIROFANOS;CALLE 119 No. 7-14 CONSULTORIOS 201 A 210;3125215573;lina.lanza@stelioholding.com;Privada;Instituciones Prestadoras de Servicios de Salud - IPS;X;;;;
Sociedad de Cirugía de Bogotá - Hospital de San José;CL 10 No. 18 - 75;3538000 ext 523 o 509;calidad@hospitaldesanjose.org.co;Privada;Instituciones Prestadoras de Servicios de Salud - IPS;X;;;;
SOCIEDAD MEDICA ALCALA SAS;AVENIDA CARRERA 19 No 135-24;3232255717-3114849286;calidad@smaclinica.com;Privada;Instituciones Prestadoras de Servicios de Salud - IPS;X;;;;
SOLANGEL VIVAS CASTELLANOS;AV CRA 9 # 127 B 16 CONSULTORIO 606;3114736402;solangelvc2601@hotmail.com;Privada;Instituciones Prestadoras de Servicios de Salud - IPS;;;X;;
SOUL BY CALA;KR 11 # 84-09 LOCAL 22 PISO 1;3202619526;innerbeauty@drlauracala.com;Privada;Instituciones Prestadoras de Servicios de Salud - IPS;;X;;;
STEMWELL;Cra. 13 No 118-08;3104068755 - 3148079475;administracion@stemwell.co recepcion@stemwell.co;Privada;Instituciones Prestadoras de Servicios de Salud - IPS;X;;;;
SUSANA GRAJALES GOMEZ;CALLE 124 # 7-38 consultorio 601;3052769641;grajalessusy10@hotmail.com;Privada;Profesional Independiente;;X;;;
SUSANA MARGARITA CORREA GUTIERREZ DE PIÑERES;calle 120 A 7-05 -PISO M -CONSULTORIO C;3102190699;susicorreagtz@hotmail.com;Privada;Instituciones Prestadoras de Servicios de Salud - IPS;;;X;;
Sylvia Juliana Garcia Serrano;av calle 127 num 20-78 consultorio 607;3014616577;sjgmed@gmail.com;Privada;Profesional Independiente;;;;X;
SYMMETRY PLASTIC SURGERY;CRA 18 80 52 PISO 5;3102979033;symmetry.gerencia@gmail.com;Privada;Instituciones Prestadoras de Servicios de Salud - IPS;X;;;;
Tatiana Caterine Martinez Daza;CALLE 127A No 7-19 Consultorio 504;3173689508;Tatianaardillita@gmail.com;Privada;Profesional Independiente;;;X;;
TATIANA ELIXANDRA LEAL SANDOVAL;Tv 60#114-69 Consultorio G14 Edificio Torre Magna Pi Barrio Teusaca;3113608569;dratatianaleal@gmail.com;Privada;Profesional Independiente;;;;X;
TATIANA GARCIA VANEGAS;CL 119 # 7 14 CS 520;2146199-3153275655;drtatianagarciacx@gmail.com;Privada;Profesional Independiente;;;X;;
TATIANA MARIA LUNA PISCIOTTI;CALLE 117 # 6 A 60-OFICINA 501 A CONSULTORIO 1;3015176341;cirugiaplastica@drtatianaluna.com;Privada;Profesional Independiente;;X;;;
TORRE 7-CPO;CARRERA 19 C SUR 24 67;6013612888;zayda.rodriguez@cpolaya.com.co;Privada;Instituciones Prestadoras de Servicios de Salud - IPS;;X;;;
TOTAL DEFINER BEAUTY SPA;callle 93 N° 14-55 PISO 5;3204985772;gerencia@alfredohoyos.com;Privada;Instituciones Prestadoras de Servicios de Salud - IPS;;X;;;
TOTAL DEFINER MEDICAL;AVENIDA CARRERA 15 83 33 PISO 2;3204985772;gerencia@alfredohoyos.com;Privada;Instituciones Prestadoras de Servicios de Salud - IPS;;X;;;
TPF CIRUJANOS Y CIA LTDA- NUEVA CLINICA LOS CEDROS;CL 137 # 19 42 PISO 1;7433956;gerencia@clinicaloscedros.com;Privada;Instituciones Prestadoras de Servicios de Salud - IPS;X;;;;
TULIO FERNANDO TORRES FUENTES;calle 119 # 7-14 CS 721;3164097125;ttorresplastica@gmail.com;Privada;Profesional Independiente;;X;;;
UNIDAD CONSULTA EXTERNA CLÍNICA INFANTIL SANTA MARÍA DEL LAGO;CR 76 73 35;3406767;calidadclinica@colsanitas.com;Privada;Instituciones Prestadoras de Servicios de Salud - IPS;;X;;;
UNIDAD DE SERVICIOS CALLE 134;AC 134 # 7 B 83 LC 6 - LC 17 y PI 11;601 4285088;gdentescontrolbogota@compensarsalud.com;Privada;Instituciones Prestadoras de Servicios de Salud - IPS;;;X;;
UNIDAD DE SERVICIOS CALLE 26;AC 26 No 66 A 48;601 4285088;gdentescontrolbogota@compensarsalud.com;Privada;Instituciones Prestadoras de Servicios de Salud - IPS;;X;;;
UNIDAD DE SERVICIOS CALLE 42;CL 42 # 13-19 TO A TO B;601 4285088;gdentescontrolbogota@compensarsalud.com;Privada;Instituciones Prestadoras de Servicios de Salud - IPS;;X;;;
UNIDAD DE SERVICIOS CALLE 94;CL 94 No. 23-43 TO B, PI1, PI2, PI3, PI4, PI5, PI6, PI7, PI8;601 4285088;gdentescontrolbogota@compensarsalud.com;Privada;Profesional Independiente;;;X;;
UNIDAD DE SERVICIOS DE SALUD AUTOPISTA SUR;AC 57 R SUR # 73 I - 55 PI 1 CS 1 al 18 y 106 al 141;601 4285088;gdentescontrolbogota@compensarsalud.com;Privada;Instituciones Prestadoras de Servicios de Salud - IPS;;;X;;
UNIDAD DE SERVICIOS DE SALUD CARRERA 69 BLOQUE I;KR 69 # 47 34 TO A PI 1 PI 2 SALA TELESALUD;601 4285088;gdentescontrolbogota@compensarsalud.com;Privada;Instituciones Prestadoras de Servicios de Salud - IPS;;X;;;
UNIDAD DE SERVICIOS DE SALUD CENTRO DE SERVICIOS ESPECIALIZADO;KR 104 Nº 152C-50;4431790;subrednorte@saludcapital.gov.co;Pública;Instituciones Prestadoras de Servicios de Salud - IPS;X;;;;
UNIDAD DE SERVICIOS DE SALUD CHAPINERO;Calle 66 No 15-41;4431790;subrednorte@saludcapital.gov.co;Pública;Instituciones Prestadoras de Servicios de Salud - IPS;;;X;;
UNIDAD DE SERVICIOS DE SALUD EL TUNAL;CR 20 47B-35 SUR;7300000 Opción 0;subredsur@saludcapital.gov.co;Pública;Instituciones Prestadoras de Servicios de Salud - IPS;X;;;;
UNIDAD DE SERVICIOS DE SALUD ENGATIVÁ CALLE 80;TRANSVERSAL 100 A # 80 A - 50;4431790;subrednorte@saludcapital.gov.co;Pública;Instituciones Prestadoras de Servicios de Salud - IPS;X;;;;
UNIDAD DE SERVICIOS DE SALUD MEISSEN;KR 18 B No. 60 G - 36 SUR;7300000 Opción 0;subredsur@saludcapital.gov.co;Pública;Instituciones Prestadoras de Servicios de Salud - IPS;X;;;;
UNIDAD DE SERVICIOS DE SALUD SAN BLAS;TRANSVERSAL 5 ESTE NUMERO 19-50 SUR;3282828 EXT 13192, 13941,13620;radicacionmedioselectronicos@subredcentrooriente.gov.co;Pública;Instituciones Prestadoras de Servicios de Salud - IPS;X;;;;
UNIDAD DE SERVICIOS DE SALUD SANTA CLARA HOSPITAL UNIVERSITARIO;CARRERA 14 B NUMERO 1-45 SUR;3282828 ext 18191, 18000, 18151;radicacionmedioselectronicos@subredcentrooriente.gov.co;Pública;Instituciones Prestadoras de Servicios de Salud - IPS;X;;;;
UNIDAD DE SERVICIOS DE SALUD SIMÓN BOLÍVAR;CALLE 165 # 7 06;4431790;subrednorte@saludcapital.gov.co;Pública;Instituciones Prestadoras de Servicios de Salud - IPS;X;;;;
UNIDAD DE SERVICIOS DE SALUD VICTORIA;DIAGONAL 39 SUR NUMERO 3-20 ESTE;3282828 EXT 14131, 14132, 14192;radicacionmedioselectronicos@subredcentrooriente.gov.co;Pública;Instituciones Prestadoras de Servicios de Salud - IPS;;;X;;
UNIDAD DE SERVICIOS SUBA;CL 139 No. 94-55 PI1, PI2, CONS 201, PI5, PI6, P7 CONS 701, LOCAL 2;601 4285088;gdentescontrolbogota@compensarsalud.com;Privada;Instituciones Prestadoras de Servicios de Salud - IPS;;;X;;
UNIDAD MEDICA CECIMIN;AK 45 104 76 PISO 1, PISO 4, PISO 5 Y PISO 6;3125508004;scolas@colsanitas.com;Privada;Instituciones Prestadoras de Servicios de Salud - IPS;;X;;;
UNIDAD MEDICA ONCOLOGICA ONCOLIFE IPS SAS;AV Carrera 45 # 104A 87/91;5803973-3178061653;calidad1@oncolife.com.co;Privada;Instituciones Prestadoras de Servicios de Salud - IPS;;X;;;
UNIDAD MÉDICA ONCOLÓGICA S.A.S.;AK 45 NO. 106 30 CONS 610, 611, 612, 617, 620;315 894 4271 - 315 894 4673 - 801 1857;unidadmedicaoncologica@gmail.com;Privada;Instituciones Prestadoras de Servicios de Salud - IPS;;X;;;
UNIDAD MEDICA SANTAFE IPS CLL 95;AK 45 # 95 81 PISO 1 CS 101, 102, 103, 104 Y PISO 2 COMPLETO;7429559 -3183518270 - 3163345158 - 3173682892- 3163195807;calle95adm@ums.com.co;Privada;Instituciones Prestadoras de Servicios de Salud - IPS;;X;;;
UNIDAD QUIRURGICA DEPIEL;AV CL 134 # 7 -83 MODULOS 152 / 351 TORRE 1 Y 3 PISO 5;9172090 - 3138932716;consultas@depiel.com;Privada;Instituciones Prestadoras de Servicios de Salud - IPS;X;;;;
UNILASER MEDICA;CALLE 90 # 11-44 OFICINA 210;5302682;unilasermedica@gmail.com;Privada;Instituciones Prestadoras de Servicios de Salud - IPS;;;;X;
UNIMARLY;CRA 13 # 48 63;3436600 EXT 6121;cmarly@clinicademarly.com.co;Privada;Instituciones Prestadoras de Servicios de Salud - IPS;;X;;;
VALENTINA DICKER JIMENEZ;CRA. 7 No. 119 - 14 CS. 530;3015176341;valedicker@hotmail.com;Privada;Profesional Independiente;;;;X;
VANESSA VICTORIA RUBIANO BUITRAGO;CL 98 # 9 A 46 CS 301B;313 2677564;dravictoriacirujanaplastica@gmail.com;Privada;Profesional Independiente;;X;;;
VIRREY SOLIS IPS SA UMEQ CALLE 100;CR 48 N° 98-81 PISO 3,4 Y 6;6014473535 EXT 278, 476, 248;calidad@virreysolisips.com.co;Privada;Instituciones Prestadoras de Servicios de Salud - IPS;X;;;;
VISION TOTAL SERVICIOS ESPECIALIZADOS;AK 19 NRO 100-28;7894562;visiontotaleu@yahoo.es;Privada;Profesional Independiente;;;X;;
VIVA 1 A IPS CALLE 118;CR 45 Nº 118 - 59 PISOS 1,2,3,4,5,6;3166921163;jbarrantes@viva1a.com.co;Privada;Instituciones Prestadoras de Servicios de Salud - IPS;;X;;;
VIVA 1A IPS AVENIDA EL DORADO;AV Calle 26 No. 31 A - 35 PISOS 1,2,3,4,7;3154449708;jdelgadillo@viva1a.com.co;Privada;Instituciones Prestadoras de Servicios de Salud - IPS;;X;;;
VIVIANA ANDREA PERICO HURTADO;CRA 11 N 94-02 CS 302;6165535-3174411521;vivianaandrea55@hotmail.com;Privada;Profesional Independiente;;;;X;
VIVIANA POVEDA ACOSTA;CALLE 109 Nº 21-98;2872946;dravivianapoveda@gmail.com;Privada;Profesional Independiente;;;;X;
WORLD MEDICAL CENTER;CL 98 # 9A 46 PI 2 OF 201;6369722;orcamoni11@hotmail.com;Privada;Instituciones Prestadoras de Servicios de Salud - IPS;X;;;;
;;;;;;;;;;
;;;;;;;;;;
;;;;;;;;;;
;;;;;;;;;;
;;;;;;;;;;
;;;;;;;;;;
;;;;;;;;;;
;;;;;;;;;;
;;;;;;;;;;
;;;;;;;;;;
;;;;;;;;;;
;;;;;;;;;;
;;;;;;;;;;
;;;;;;;;;;
;;;;;;;;;;
;;;;;;;;;;
;;;;;;;;;;
;;;;;;;;;;
;;;;;;;;;;
;;;;;;;;;;
;;;;;;;;;;
;;;;;;;;;;
;;;;;;;;;;
;;;;;;;;;;
;;;;;;;;;;
;;;;;;;;;;
;;;;;;;;;;
;;;;;;;;;;
;;;;;;;;;;
;;;;;;;;;;
;;;;;;;;;;
;;;;;;;;;;
;;;;;;;;;;
;;;;;;;;;;
;;;;;;;;;;
;;;;;;;;;;
;;;;;;;;;;
;;;;;;;;;;
;;;;;;;;;;
;;;;;;;;;;
;;;;;;;;;;
;;;;;;;;;;
;;;;;;;;;;
;;;;;;;;;;
;;;;;;;;;;
;;;;;;;;;;
;;;;;;;;;;
;;;;;;;;;;
;;;;;;;;;;
