Naturaleza;Prestador;Cantidad;Porcentaje
Total;Instituciones Prestadoras de Servicios de Salud - IPS;1529;11,02
Total;Objeto Social Diferente a la Prestación de Servicios de Salud;368;2,65
Total;Profesional Independiente;11931;86,01
Total;Transporte Especial de Pacientes;43;0,31
Mixta;Instituciones Prestadoras de Servicios de Salud - IPS;1;50
Mixta;Objeto Social Diferente a la Prestación de Servicios de Salud;1;50
Mixta;Profesional Independiente;;0
Mixta;Transporte Especial de Pacientes;;0
Privada;Instituciones Prestadoras de Servicios de Salud - IPS;1520;10,98
Privada;Objeto Social Diferente a la Prestación de Servicios de Salud;352;2,54
Privada;Profesional Independiente;11931;86,17
Privada;Transporte Especial de Pacientes;43;0,31
Pública;Instituciones Prestadoras de Servicios de Salud - IPS;8;34,78
Pública;Objeto Social Diferente a la Prestación de Servicios de Salud;15;65,22
Pública;Profesional Independiente;;0
Pública;Transporte Especial de Pacientes;;0
